q0,q1,q2,q3,q4,q5
-0.1396263401595554,0.4188790204786667,0.0698131700797778,0.4188790204786667,-0.9773843811168887,0.977384381116889
-0.1396381418031741,0.4188835589596887,0.0698118015400201,0.4188805469536358,-0.97737766080773,0.9773669132900616
-0.139719332884503,0.4189147820836597,0.0698023864766306,0.4188910485547147,-0.9773314274876016,0.9772467408976052
-0.1399354354925018,0.4189978872524733,0.0697773268306739,0.4189190001886155,-0.9772083703624516,0.9769268835069386
-0.1403478312089178,0.4191564795802019,0.0697295046838561,0.4189723412111706,-0.9769735364020644,0.9763164891253228
-0.141013847368853,0.4194126050657596,0.0696522722555945,0.4190584865846434,-0.9765942812199816,0.9753307065240322
-0.1419868433213308,0.4197867837655653,0.0695394419000881,0.4191843380350375,-0.9760402199534224,0.9738905575625232
-0.1433162966898629,0.4202980429662051,0.069385276103387,0.419356295209407,-0.9752831781432024,0.9719228095126056
-0.1450478896330164,0.4209639503570959,0.0691844774804627,0.4195802668331665,-0.9742971426136552,0.9693598473826108
-0.1472235951049806,0.4218006472031479,0.0689321787722781,0.4198616818674014,-0.973058212352551,0.9661395462415636
-0.1498817631161342,0.4228228815174279,0.0686239328428572,0.4202055006661773,-0.9715445493910178,0.9622051435433504
-0.1530572069936116,0.4240440412338219,0.0682557026763553,0.4206162261338503,-0.9697363296834612,0.9575051114508908
-0.1567812896418705,0.4254761873796981,0.0678238513741291,0.4210979148823771,-0.9676156939874836,0.951993029160306
-0.1610820098032586,0.4271300872485701,0.0673251321518061,0.4216541883886247,-0.9651666987438056,0.9456274552250896
-0.1659840883185801,0.4290152475727596,0.0667566783363553,0.4222882441516807,-0.9623752669561854,0.938371799880278
-0.1715090543876634,0.4311399476960595,0.0661159933631566,0.4230028668501629,-0.9592291390713384,0.930194197366619
-0.1776753318299275,0.4335112727463965,0.0654009407730711,0.4238004394995298,-0.9557178238588578,0.9210673782547428
-0.1844983253449489,0.4361351468084947,0.0646097342095109,0.4246829546093901,-0.9518325492911354,0.9109685417693314
-0.1919905067730288,0.4390163660965377,0.063740927415509,0.4256520253408129,-0.9475662134232796,0.8998792281132892
-0.2001615013557598,0.4421586321268324,0.0627934042307898,0.4267088966636378,-0.942913335273038,0.8877851907919121
-0.2090181739965931,0.4455645848904712,0.0617663685888382,0.4278544565137848,-0.9378700057007152,0.8746762689370581
-0.218564715521405,0.4492358360259954,0.0606593345139703,0.429089246950564,-0.9324338382890944,0.8605462596313168
-0.2288027289390642,0.4531730019920581,0.059472116118403,0.4304134753139861,-0.9266039202233568,0.8453927902321796
-0.2397313157019987,0.457375737240087,0.0582048175993241,0.4318270253820722,-0.9203807631710018,0.8292171906962098
-0.2513471619667623,0.4618427673869473,0.0568578232359624,0.4333294685281633,-0.9137662541617668,0.8120243659032119
-0.2636446248546021,0.4665719223876048,0.0554317873866572,0.4349200748782311,-0.9067636064675476,0.7938226679804024
-0.2766158187120251,0.4715601697077889,0.0539276244859288,0.4365978244681875,-0.899377310482319,0.7746237686265787
-0.2902507013713652,0.4768036474966553,0.0523464990415483,0.4383614184011948,-0.891613084602053,0.7544425314362905
-0.30453716041135,0.4822976977594491,0.0506898156316074,0.4402092900049753,-0.8834778261046413,0.7332968842240081
-0.3194610994176678,0.4880368995301677,0.0489592089015885,0.4421396159891218,-0.8749795620298134,0.7112076913482936
-0.3350065242435351,0.4940151020442238,0.0471565335614347,0.4441503276024073,-0.8661274000590579,0.6881986260359702
-0.3511556292702623,0.5002254579111083,0.0452838543826198,0.4462391217900949,-0.8569314793955414,0.6642960427062921
-0.3678888836678216,0.5066604562870533,0.043343436195218,0.4484034723512483,-0.8474029216440301,0.6395288492951152
-0.3851851176554135,0.5133119560476948,0.0413377338849742,0.4506406410960409,-0.8375537816908084,0.613928379579066
-0.4030216087620341,0.5201712189607358,0.039269382390374,0.4529476890030668,-0.8273969985835998,0.5875282654997123
-0.4213741680870417,0.5272289428586097,0.0371411866997133,0.45532148737665,-0.8169463464114868,0.5603643094877329
-0.4402172265607236,0.5344752948111422,0.0349561118481685,0.4577587290041547,-0.8062163851848307,0.5324743567870873
-0.4595239212048636,0.5418999442982155,0.0327172729148665,0.4602559393132955,-0.795222411715192,0.5038981677791861
-0.4792661813933083,0.5494920963824301,0.0304279250199547,0.4628094875294469,-0.7839804104952501,0.4746772903070603
-0.4994148151125342,0.5572405248817686,0.0280914533216707,0.4654155978329538,-0.772507004578724,0.4448549319995323
-0.519939595222215,0.5651336055422579,0.0257113630134127,0.4680703605164408,-0.7608194064602916,0.4144758325953849
-0.5408093457157881,0.5731593492106328,0.0232912693208089,0.4707697431421232,-0.7489353689555102,0.3835861362675311
-0.5619920279810213,0.5813054350069986,0.0208348874987883,0.473509601699116,-0.7368731360807366,0.3522332639471854
-0.5834548270605808,0.5895592434974942,0.0183460228286496,0.4762856917607445,-0.7246513939330467,0.3204657856480317
-0.6051642379125968,0.5979078898669548,0.0158285606151322,0.479093679641854,-0.7122892215701563,0.2883332927903955
-0.6270861516712312,0.6063382570915752,0.0132864561834854,0.48192915355612,-0.6998060418903405,0.2558862705254117
-0.6491859419072445,0.6148370291115722,0.0107237248765389,0.4847876347733578,-0.687221572512354,0.2231759700591962
-0.6714285508885627,0.6233907240038483,0.0081444320517725,0.4876645887768333,-0.6745557766553517,0.1902542809770151
-0.6937785758408435,0.6319857271546541,0.0055526830783859,0.4905554364205716,-0.6618288140188074,0.157173603567455
-0.716200355208044,0.640608324432251,0.0029526133343693,0.4934555650866687,-0.6490609916624354,0.1239867211465912
-0.7386580549129884,0.6492447353595752,0.0003483782035727,0.4963603398426002,-0.6362727148861095,0.0907466723821608
-0.7611157546179327,0.6578811462868993,-0.0022558569272239,0.4992651145985316,-0.6234844381097835,0.0575066236177306
-0.7835375339851335,0.6665037435644963,-0.0048559266712405,0.5021652432646287,-0.6107166157534114,0.0243197411968669
-0.8058875589374144,0.6750987467153019,-0.0074476756446271,0.5050560909083672,-0.5979896531168671,-0.0087609362126933
-0.8281301679187325,0.683652441607578,-0.0100269684693935,0.5079330449118425,-0.5853238572598649,-0.0416826252948745
-0.8502299581547458,0.6921512136275751,-0.01258969977634,0.5107915261290804,-0.5727393878818784,-0.0743929257610902
-0.8721518719133802,0.7005815808521956,-0.0151318042079868,0.5136270000433464,-0.5602562082020626,-0.106839948026074
-0.8938612827653962,0.7089302272216561,-0.0176492664215042,0.5164349879244559,-0.5478940358391722,-0.13897244088371
-0.9153240818449556,0.7171840357121517,-0.0201381310916428,0.5192110779860843,-0.5356722936914824,-0.1707399191828629
-0.9365067641101892,0.7253301215085174,-0.0225945129136635,0.5219509365430772,-0.5236100608167087,-0.2020927915032091
-0.957376514603762,0.7333558651768923,-0.0250146066062672,0.5246503191687596,-0.5117260233119274,-0.2329824878310629
-0.9779012947134428,0.7412489458373817,-0.0273946969145253,0.5273050818522467,-0.5000384251934948,-0.2633615872352108
-0.9980499284326684,0.74899737433672,-0.0297311686128093,0.5299111921557533,-0.4885650192769686,-0.2931839455427383
-1.0177921886211134,0.7565895264209346,-0.0320205165077211,0.5324647403719048,-0.4773230180570269,-0.3224048230148646
-1.0370988832652537,0.7640141759080079,-0.0342593554410231,0.5349619506810456,-0.4663290445873882,-0.3509810120227654
-1.0559419417389355,0.7712605278605407,-0.0364444302925679,0.5373991923085504,-0.4555990833607322,-0.378870964723411
-1.0742945010639429,0.7783182517584145,-0.0385726259832286,0.5397729906821336,-0.445148431188619,-0.4060349207353908
-1.0921309921705635,0.7851775146714555,-0.0406409774778288,0.5420800385891595,-0.4349916480814105,-0.4324350348147439
-1.109427226158156,0.791829014432097,-0.0426466797880726,0.5443172073339522,-0.425142508128189,-0.4580355045307935
-1.126160480555715,0.7982640128080418,-0.0445870979754743,0.5464815578951054,-0.4156139503766776,-0.4828026979419706
-1.142309585582442,0.8044743686749265,-0.0464597771542893,0.5485703520827931,-0.406418029713161,-0.5067052812716482
-1.1578550104083094,0.8104525711889825,-0.048262452494443,0.5505810636960785,-0.3975658677424054,-0.5297143465839722
-1.172778949414627,0.8161917729597012,-0.049993059224462,0.5525113896802251,-0.3890676036675776,-0.5518035394596859
-1.187065408454612,0.821685823222495,-0.0516497426344029,0.5543592612840056,-0.3809323451701658,-0.5729491866719685
-1.200700291113952,0.8269293010113615,-0.0532308680787834,0.5561228552170128,-0.3731681192898999,-0.5931304238622561
-1.2136714849713752,0.8319175483315454,-0.0547350309795116,0.5578006048069692,-0.3657818233046712,-0.6123293232160802
-1.225968947859215,0.8366467033322029,-0.0561610668288169,0.5593912111570372,-0.3587791756104521,-0.6305310211388906
-1.2375847941239788,0.8411137334790633,-0.0575080611921786,0.5608936543031283,-0.352164666601217,-0.647723845931889
-1.248513380886913,0.845316468727092,-0.0587753597112575,0.5623072043712143,-0.3459415095488618,-0.6638994454678577
-1.2587513943045716,0.8492536346931547,-0.0599625781068248,0.5636314327346365,-0.3401115914831243,-0.6790529148669953
-1.2682979358293838,0.8529248858286791,-0.0610696121816927,0.5648662231714155,-0.3346754240715036,-0.6931829241727359
-1.2771546084702172,0.8563308385923177,-0.0620966478236443,0.5660117830215625,-0.3296320944991807,-0.70629184602759
-1.2853256030529483,0.8594731046226125,-0.0630441710083636,0.5670686543443874,-0.3249792163489389,-0.7183858833489674
-1.2928177844810282,0.8623543239106557,-0.0639129778023654,0.5680377250758103,-0.3207128804810832,-0.7294751970050104
-1.299640777996049,0.8649781979727535,-0.0647041843659255,0.5689202401856706,-0.3168276059133604,-0.7395740334904213
-1.3058070554383134,0.8673495230230904,-0.065419236956011,0.5697178128350375,-0.3133162907008803,-0.7487008526022962
-1.3113320215073967,0.8694742231463902,-0.0660599219292098,0.5704324355335197,-0.3101701628160335,-0.756878455115956
-1.3162341000227182,0.87135938347058,-0.0666283757446608,0.5710664912965757,-0.3073787310284129,-0.7641341104607684
-1.3205348201841065,0.8730132833394519,-0.0671270949669836,0.5716227648028234,-0.3049297357847351,-0.7704996843959853
-1.3242589028323657,0.8744454294853281,-0.0675589462692097,0.5721044535513501,-0.3028091000887577,-0.7760117666865693
-1.327434346709843,0.8756665892017222,-0.0679271764357115,0.572515179019023,-0.3010008803812006,-0.7807117987790293
-1.3300925147209963,0.8766888235160022,-0.0682354223651326,0.5728589978177988,-0.2994872174196679,-0.7846462014772413
-1.332268220192961,0.877525520362054,-0.0684877210733173,0.5731404128520338,-0.2982482871585635,-0.7878665026182887
-1.3339998131361144,0.8781914277529452,-0.0686885196962414,0.5733643844757934,-0.2972622516290162,-0.7904294647482848
-1.3353292665046466,0.8787026869535848,-0.0688426854929424,0.5735363416501629,-0.2965052098187963,-0.7923972127982035
-1.3363022624571246,0.8790768656533903,-0.0689555158484489,0.5736621931005571,-0.2959511485522373,-0.7938373617597108
-1.3369682786170596,0.8793329911389476,-0.0690327482767105,0.5737483384740297,-0.2955718933701537,-0.7948231443610001
-1.337380674333474,0.8794915834666768,-0.0690805704235283,0.573801679496585,-0.2953370594097663,-0.795433538742617
-1.3375967769414745,0.8795746886354903,-0.069105630069485,0.5738296311304859,-0.2952140022846169,-0.7957533961332843
-1.3376779680228037,0.8796059117594612,-0.0691150451328743,0.5738401327315646,-0.2951677689644879,-0.795873568525743
-1.3376897696664214,0.8796104502404836,-0.0691164136726324,0.5738416592065336,-0.2951610486553301,-0.7958910363525667
-1.3376852345360253,0.8796062190681393,-0.0691097942906466,0.5738483780310806,-0.295161940184896,-0.7958843145215052
-1.3376540344631611,0.8795771101178083,-0.0690642553133211,0.5738946011376115,-0.2951680735890071,-0.7958380707312308
-1.3375709906484294,0.8794996321488036,-0.0689430462888251,0.574017631077694,-0.2951843985917367,-0.7957149857381689
-1.3374125154047145,0.8793517783916,-0.0687117391197168,0.5742524131599226,-0.2952155521315229,-0.7954800985965288
-1.3371565790090083,0.8791129956213507,-0.0683381796805602,0.5746315845591465,-0.2952658648775356,-0.7951007575270995
-1.3367826765542423,0.8787641532314054,-0.0677924394355419,0.5751855234256992,-0.2953393677460444,-0.7945465707860463
-1.3362717948011114,0.8782875123068277,-0.0670467670560879,0.5759423979946262,-0.2954397984167855,-0.7937893575337067
-1.3356063790299029,0.8776666946979119,-0.0660755400384809,0.576928215694914,-0.2955706078493296,-0.7928030987033865
-1.334770299892324,0.8768866520937015,-0.0648552163214769,0.578166872258719,-0.2957349667994489,-0.7915638878701564
-1.333748820263329,0.875933635095506,-0.063364285903922,0.5796802008305957,-0.2959357723354847,-0.7900498821196477
-1.332528562092946,0.8747951622904184,-0.0615832224623696,0.5814880210767251,-0.2961756543547149,-0.7882412529168485
-1.3310974732581058,0.8734599893248332,-0.0594944349686972,0.5836081882941444,-0.296456982099721,-0.7861201369749007
-1.3294447944144685,0.8719180779779631,-0.0570822193077231,0.5860566425199741,-0.2967818706747561,-0.7836705871238945
-1.3275610258482509,0.8701605652353568,-0.0543327098948235,0.5888474576406479,-0.2971521875621118,-0.7808785231796664
-1.3254378943280545,0.868179732362417,-0.0512338312935494,0.5919928905011406,-0.2975695591384858,-0.7777316828125943
-1.3230683199566915,0.8659689739779171,-0.0477752498332435,0.5955034300141966,-0.2980353771913492,-0.7742195724163938
-1.320446383023015,0.8635227671275189,-0.0439483252266568,0.5993878462695597,-0.2985508054353142,-0.7703334179769146
-1.317567290853744,0.8608366403572902,-0.039746062187566,0.6036532396431998,-0.2991167860285012,-0.7660661159409363
-1.3144273446652903,0.8579071427872225,-0.03516306204839,0.6083050899065433,-0.2997340460889062,-0.7614121840849652
-1.31102390641559,0.8547318131847477,-0.030195474377807,0.6133473053357007,-0.3004031042107683,-0.7563677123840301
-1.3073553656559258,0.8513091490382564,-0.0248409485983713,0.6187822718206953,-0.3011242769809372,-0.7509303138804783
-1.303421106382758,0.847638575630615,-0.0190985856041303,0.6246109019746924,-0.3018976854952406,-0.7450990755527718
-1.299221473889551,0.8437204151126831,-0.0129688893782414,0.6308326842432271,-0.3027232618748514,-0.738874509184284
-1.2947577416185998,0.8395558555768313,-0.0064537186105886,0.6374457320134336,-0.3036007557826549,-0.7322585022320953
-1.290032078012859,0.8351469201304582,0.0004437616846001,0.6444468327232733,-0.3045297409396171,-0.7252542686957894
-1.2850475133677688,0.8304964359695082,0.0077191285511364,0.6518314969707639,-0.3055096216411512,-0.7178662999862495
-1.279807906683084,0.8256080034519889,0.0153667494732541,0.6595940076232076,-0.3065396392734852,-0.7101003157944548
-1.2743179125146993,0.8204859651714886,0.0233798307579927,0.6677274689264199,-0.3076188788300296,-0.7019632149602761
-1.2685829478264796,0.8151353750306939,0.0317504659175805,0.676223855613958,-0.3087462754277448,-0.6934630263412723
-1.262609158842085,0.8095619673149066,0.0404696840518173,0.6850740620163501,-0.3099206208235078,-0.6846088596814867
-1.2564033878967984,0.8037721257655619,0.0495274982304582,0.6942679511703231,-0.3111405699304808,-0.6754108564802428
-1.2499731402893557,0.7977728526537454,0.0589129538755957,0.7037944039280317,-0.3124046473344774,-0.6658801408609406
-1.2433265511337692,0.7915717378537109,0.068614177144044,0.7136413680662871,-0.3137112538103307,-0.6560287704398531
-1.2364723522111585,0.7851769279163977,0.0786184233097209,0.7237959073957851,-0.3150586728382608,-0.6458696871949221
-1.2294198388215754,0.7785970951429478,0.0889121251460319,0.7342442508703355,-0.3164450771202415,-0.6354166683345542
-1.2221788366358337,0.771841406658224,0.0994809413082527,0.74497184169609,-0.3178685350963685,-0.6246842771664178
-1.2147596685473343,0.7649194934843269,0.1103098047159125,0.7559633864407711,-0.3193270174612263,-0.6136878139662383
-1.2071731215238946,0.757841419614112,0.121382970935177,0.767202904142901,-0.3208184036802558,-0.6024432668465949
-1.1994304134595748,0.7506176510847086,0.1326840665612317,0.7786737754210296,-0.3223404885061216,-0.5909672626257163
-1.1915431600265058,0.7432590250510356,0.1441961376006651,0.7903587915829634,-0.3238909884950796,-0.5792770176962775
-1.1835233415267166,0.7357767188593202,0.1559016978538507,0.8022402037349943,-0.325467548523344,-0.5673902888941956
-1.1753832697439612,0.7281822191206141,0.1677827772973322,0.8142997718911285,-0.3270677483034553,-0.5553253243674254
-1.167135554795547,0.7204872907843127,0.1798209704662049,0.8265188140823139,-0.3286891089006472,-0.5431008144447568
-1.158793071984162,0.7127039462116709,0.1919974848364989,0.8388782554656699,-0.330329099249214,-0.53073584250461
-1.1503689286497016,0.7048444142493219,0.2042931892075629,0.8513586774337155,-0.3319851426688786,-0.5182498358438323
-1.1418764310210967,0.6969211093027935,0.2166886620844471,0.8639403667235981,-0.3336546233811592,-0.5056625165464937
-1.1333290510681409,0.6889466004100265,0.2291642400602859,0.8766033645263218,-0.3353348930257369,-0.4929938523526834
-1.1247403933533178,0.6809335803148918,0.2417000661986817,0.8893275155959767,-0.3370232771768234,-0.4802640075273058
-1.1161241618836293,0.6728948345407076,0.2542761384160872,0.9020925173589668,-0.3387170818595282,-0.4674932937288772
-1.1074941269624214,0.6648432104637575,0.2668723578641893,0.9148779690232386,-0.3404136000662258,-0.4547021208783209
-1.0988640920412136,0.6567915863868073,0.2794685773122912,0.9276634206875104,-0.3421101182729233,-0.4419109480277648
-1.0902478605715251,0.6487528406126231,0.2920446495296967,0.9404284224505004,-0.343803922955628,-0.4291402342293362
-1.081659202856702,0.6407398205174883,0.3045804756680924,0.9531525735201554,-0.3454923071067146,-0.4164103894039586
-1.0731118229037462,0.6327653116247214,0.3170560536439314,0.9658155713228792,-0.3471725767512923,-0.4037417252101484
-1.0646193252751412,0.624842006678193,0.3294515265208156,0.9783972606127618,-0.3488420574635729,-0.3911544059128097
-1.056195181940681,0.616982474715844,0.3417472308918796,0.9908776825808072,-0.3504981008832374,-0.3786683992520318
-1.0478526991292958,0.6091991301432023,0.3539237452621736,1.003237123964163,-0.3521380912318043,-0.3663034273118852
-1.039604984180882,0.6015042018069008,0.3659619384310462,1.0154561661553487,-0.3537594518289962,-0.3540789173892165
-1.0314649123981263,0.5939097020681948,0.3778430178745277,1.027515734311483,-0.3553596516091075,-0.3420139528624463
-1.0234450938983368,0.5864273958764792,0.3895485781277137,1.039397146463514,-0.3569362116373719,-0.3301272240603643
-1.015557840465268,0.5790687698428061,0.4010606491671469,1.0510821626254478,-0.3584867116263299,-0.3184369791309255
-1.007815132400948,0.5718450013134027,0.4123617447932017,1.0625530339035762,-0.3600087964521957,-0.306960974910047
-1.0002285853775086,0.5647669274431879,0.4234349110124663,1.073792551605706,-0.3615001826712252,-0.2957164277904036
-0.9928094172890092,0.5578450142692906,0.4342637744201258,1.0847840963503876,-0.362958665036083,-0.284719964590224
-0.9855684151032672,0.551089325784567,0.4448325905823468,1.095511687176142,-0.36438212301221,-0.2739875734220875
-0.9785159017136844,0.5445094930111171,0.4551262924186575,1.1059600306506925,-0.3657685272941907,-0.2635345545617197
-0.971661702791074,0.538114683073804,0.4651305385843345,1.1161145699801902,-0.3671159463221207,-0.2533754713167891
-0.9650151136354872,0.5319135682737697,0.4748317618527828,1.1259615341184452,-0.3684225527979741,-0.2435241008957014
-0.9585848660280444,0.525914295161953,0.4842172174979203,1.135487986876154,-0.3696866302019707,-0.2339933852763993
-0.952379095082758,0.5201244536126085,0.493275031676561,1.144681876030127,-0.3709065793089436,-0.2247953820751554
-0.9464053060983632,0.5145510458968212,0.5019942498107978,1.1535320824325188,-0.3720809247047067,-0.2159412154153698
-0.9406703414101436,0.5092004557560262,0.5103648849703856,1.1620284691200573,-0.3732083213024219,-0.2074410267963661
-0.935180347241759,0.504078417475526,0.5183779662551241,1.170161930423269,-0.3742875608589663,-0.1993039259621872
-0.929940740557074,0.4991899849580067,0.5260255871772421,1.1779244410757137,-0.3753175784913004,-0.1915379417703924
-0.9249561759119842,0.4945395007970565,0.533300954043778,1.1853091053232037,-0.3762974591928343,-0.1841499730608528
-0.920230512306243,0.4901305653506836,0.5401984343389669,1.192310206033043,-0.3772264443497966,-0.1771457395245468
-0.9157667800352915,0.4859660058148318,0.5467136051066198,1.1989232538032495,-0.3781039382576001,-0.170529732572358
-0.9115671475420848,0.4820478452968998,0.5528433013325084,1.2051450360717846,-0.3789295146372108,-0.1643051662038702
-0.9076328882689172,0.4783772718892582,0.5585856643267498,1.2109736662257815,-0.3797029231515142,-0.1584739278761635
-0.9039643475092528,0.4749546077427671,0.5639401901061853,1.2164086327107766,-0.3804240959216832,-0.153036529372612
-0.9005609092595523,0.4717792781402926,0.5689077777767683,1.221450848139933,-0.3810931540435453,-0.1479920576716769
-0.8974209630710992,0.4688497805702247,0.5734907779159443,1.226102698403277,-0.3817104141039502,-0.1433381258157059
-0.8945418709018275,0.4661636537999959,0.5776930409550354,1.2303680917769169,-0.3822763946971372,-0.139070823779728
-0.8919199339681512,0.4637174469495974,0.5815199655616221,1.2342525080322804,-0.3827918229411022,-0.1351846693402484
-0.8895503595967889,0.4615066885650977,0.584978547021928,1.2377630475453365,-0.3832576409939656,-0.1316725589440479
-0.8874272280765918,0.4595258556921585,0.5880774256232019,1.2409084804058297,-0.3836750125703396,-0.128525718576976
-0.8855434595103739,0.4577683429495519,0.5908269350361015,1.243699295526503,-0.3840453294576954,-0.1257336546327471
-0.8838907806667369,0.4562264316026816,0.5932391506970753,1.2461477497523328,-0.3843702180327304,-0.1232841047817415
-0.8824596918318971,0.4548912586370961,0.595327938190748,1.2482679169697517,-0.3846515457777366,-0.1211629888397933
-0.8812394336615137,0.4537527858320083,0.5971090016323004,1.250075737215881,-0.3848914277969668,-0.1193543596369943
-0.880217954032519,0.4527997688338132,0.5985999320498552,1.2515890657877575,-0.3850922333330026,-0.1178403538864862
-0.8793818748949396,0.4520197262296027,0.5998202557668589,1.2528277223515625,-0.385256592283122,-0.1166011430532557
-0.878716459123732,0.4513989086206868,0.6007914827844667,1.2538135400518509,-0.385387401715666,-0.1156148842229357
-0.8782055773706013,0.4509222676961095,0.6015371551639198,1.254570414620778,-0.3854878323864071,-0.1148576709705953
-0.8778316749158346,0.450573425306164,0.6020828954089386,1.2551243534873304,-0.3855613352549157,-0.1143034842295431
-0.8775757385201282,0.4503346425359149,0.6024564548480944,1.2555035248865547,-0.3856116480009285,-0.1139241431601133
-0.8774172632764135,0.4501867887787112,0.6026877620172031,1.2557383069687822,-0.3856428015407147,-0.1136892560184731
-0.877334219461682,0.450109310809707,0.6028089710416994,1.2558613369088651,-0.3856591265434443,-0.1135661710254107
-0.8773030193888174,0.4500802018593753,0.602854510019025,1.255907560015396,-0.3856652599475554,-0.1135199272351372
-0.8772984842584215,0.4500759706870313,0.602861129401011,1.2559142788399436,-0.3856661514771213,-0.1135132054040752
-0.8773102859752611,0.4500641691480003,0.6028613790657824,1.2558994549654734,-0.3856638591220456,-0.1135105133069482
-0.8773914775603232,0.449982978786197,0.6028630966699917,1.2557974720183012,-0.3856480885401334,-0.1134919926428911
-0.877607581509086,0.4497668780933267,0.6028676683389862,1.255526028646756,-0.385606112699621,-0.113442697033828
-0.878019979784126,0.4493544860316133,0.602876392605332,1.2550080243306052,-0.3855260088222057,-0.1133486246012737
-0.8786860000762209,0.448688475773997,0.6028904822336637,1.2541714510304005,-0.3853966416277651,-0.1131966982892594
-0.879659002065451,0.4477154884443317,0.602911066045534,1.2529492848368209,-0.3852076465790769,-0.1129747461872576
-0.8809884636823018,0.4463860468575826,0.6029391907442632,1.2512793776200204,-0.3849494131265383,-0.1126714818531074
-0.8827200673687658,0.4446544692600234,0.602975822739789,1.249104348678971,-0.3846130679528856,-0.1122764846359394
-0.8848957863394451,0.4424787830694346,0.6030218499735159,1.246371476390809,-0.384190458217914,-0.1117801799991015
-0.8875539708426528,0.4398206386153001,0.6030780837431651,1.2430325898601782,-0.3836741348031966,-0.1111738198430833
-0.8907294344215155,0.4366452228790056,0.6031452605276236,1.2390439605685777,-0.3830573355568048,-0.1104494628284421
-0.8944535401750757,0.4329211732340352,0.6032240438117945,1.2343661940237038,-0.382333968538027,-0.1095999546987273
-0.8987542870193932,0.42862049118617,0.6033150259114459,1.2289641214087983,-0.3814985952620888,-0.1086189086034062
-0.903656395948648,0.4237184561136844,0.6034187297980611,1.2228066912319908,-0.3805464139448722,-0.1075006854207889
-0.9091813962962416,0.4181935390075451,0.6035356109236877,1.2158668609756451,-0.3794732427476354,-0.1062403740809537
-0.9153477119958998,0.4120273162116068,0.6036660590457876,1.2081214887457037,-0.3782755030217319,-0.1048337718886717
-0.9221707478427744,0.4052043831628119,0.6038104000520865,1.1995512249210334,-0.3769502025533311,-0.1032773648463329
-0.929662975754546,0.3977122681313855,0.6039688977854233,1.1901404038027694,-0.3754949188081365,-0.1015683079768706
-0.9378340210325242,0.3895413459610359,0.6041417558686001,1.1798769352636618,-0.3739077821761065,-0.0997044056466872
-0.9466907486227528,0.3806847518091488,0.6043291195292313,1.1687521963974188,-0.3721874592161728,-0.0976840918885788
-0.9562373493771088,0.3711382948869882,0.6045310774245938,1.1567609231680536,-0.3703331359009613,-0.0955064107246608
-0.9664754263144067,0.3609003721998908,0.604747663466476,1.1439011020592271,-0.3683445008615102,-0.0931709964892928
-0.9774040808814992,0.3499718822874664,0.6049788586460279,1.1301738617235966,-0.3662217286319912,-0.0906780541520043
-0.989019999214381,0.3383561389637924,0.6052245928586103,1.1155833646321558,-0.3639654628944272,-0.0880283396404192
-1.0013175383992878,0.326058785057615,0.6054847467286449,1.1001366987235854,-0.3615767997234137,-0.0852231401631816
-1.014288812733803,0.3130877061525424,0.6057591534344635,1.0838437690535925,-0.3590572708308367,-0.0822642545328803
-1.0279237799879546,0.2994529443272469,0.6060476005331575,1.0667171894442609,-0.3564088268105939,-0.0791539734889751
-1.0422103276653227,0.2851666118956578,0.6063498317854282,1.0487721741333915,-0.3536338203833128,-0.0758950600207203
-1.0571343592641358,0.2702428051471638,0.6066655489804355,1.0300264294238526,-0.3507349896410712,-0.072490729690092
-1.0726798805383797,0.2546975180868054,0.606994413760648,1.0105000453329174,-0.3477154412921164,-0.0689446309547112
-1.0888290857588911,0.2385485561754776,0.6073360494466928,0.9902153872416184,-0.3445786339055849,-0.0652608254907707
-1.1055624439744691,0.2218154500701228,0.607690042862205,0.9691969875440838,-0.3413283611562217,-0.061443768515959
-1.1228587852729712,0.2045193693639306,0.6080559461586764,0.9474714372968864,-0.3379687350691002,-0.0574982891123861
-1.1406953870424146,0.1866830363265369,0.6084332786403067,0.925067277868392,-0.3345041692643417,-0.053429570549509
-1.1590480602320845,0.1683306396442169,0.608821528588852,0.902014892588096,-0.3309393622018347,-0.0492431306070561
-1.1778912356136286,0.1494877481600884,0.6092201550884745,0.8783463983959781,-0.3272792804259551,-0.0449448018979531
-1.1971980500421662,0.1301812246143031,0.6096285898505924,0.8540955374918378,-0.3235291418102845,-0.0405407121912475
-1.2169404327173845,0.1104391393842506,0.6100462390387297,0.8292975689846489,-0.3196943988023315,-0.0360372647350346
-1.237089191444645,0.0902906842247493,0.6104724850933652,0.8039891605418952,-0.3157807216682496,-0.0314411185793819
-1.2576140988960822,0.0697660860082506,0.6109066885567822,0.7782082800389247,-0.3117939817375583,-0.0267591688992551
-1.27848397887171,0.0488965204650298,0.611348189897919,0.7519940872082856,-0.3077402346478609,-0.021998527317442
-1.2996667925605174,0.0277140259233902,0.611796311337217,0.7253868252890805,-0.3036257035895661,-0.0171665022274797
-1.3211297248015792,0.006251417049854,0.612250358671472,0.6984277126763014,-0.2994567625506055,-0.0122705791165774
-1.3428392703451484,-0.0154578014106333,0.6127096230986823,0.6711588345701857,-0.2952399195611552,-0.0073184008885438
-1.3647613201137672,-0.0373795208945125,0.6131733830428991,0.6436230346255501,-0.2909817999383534,-0.0023177481867104
-1.386861247463362,-0.0594791152794061,0.6136409059790763,0.6158638066011466,-0.2866891295310216,0.0027234802831414
-1.4091039944443513,-0.0817215271439276,0.6141114502579194,0.5879251860089962,-0.282368717964383,0.0077972874298574
-1.431454158062743,-0.1040713540274768,0.6145842669307353,0.5598516417637458,-0.2780274418847831,0.012895597453983
-1.453876076541241,-0.1264929346900505,0.6150586015742826,0.5316879678320017,-0.2736722282044079,0.0180102755248399
-1.476333915580342,-0.1489504353720362,0.6155336961156204,0.5034791748816851,-0.2693100373460051,0.0231331474575996
-1.4987917546194436,-0.1714079360540228,0.6160087906569581,0.4752703819313673,-0.2649478464876021,0.0282560193903596
-1.5212136730979409,-0.1938295167165956,0.6164831253005054,0.4471067079996245,-0.2605926328072271,0.0333706974612162
-1.5435638367163331,-0.216179343600146,0.6169559419733215,0.4190331637543726,-0.2562513567276269,0.038469007485342
-1.565806583697322,-0.2384217554646663,0.6174264862521645,0.3910945431622237,-0.2519309451609886,0.0435428146320578
-1.5879065110469175,-0.2605213498495609,0.6178940091883416,0.3633353151378191,-0.2476382747536565,0.04858404310191
-1.6098285608155356,-0.2824430693334392,0.6183577691325585,0.3357995151931847,-0.2433801551308549,0.0535846958037431
-1.6315381063591046,-0.3041522877939265,0.6188170335597687,0.3085306370870689,-0.2391633121414046,0.0585368740317767
-1.653001038600166,-0.3256148966674626,0.6192710808940237,0.2815715244742899,-0.2349943711024441,0.063432797142679
-1.6741838522889738,-0.3467973912091023,0.6197192023333218,0.2549642625550847,-0.2308798400441492,0.0682648222326414
-1.6950537322646015,-0.3676669567523231,0.6201607036744585,0.2287500697244455,-0.2268260929544518,0.0730254638144544
-1.7155786397160389,-0.3881915549688218,0.6205949071378756,0.2029691892214746,-0.2228393530237605,0.0777074134945812
-1.7357273984432997,-0.4083400101283231,0.621021153192511,0.1776607807787211,-0.2189256758896786,0.082303559650234
-1.7554697811185171,-0.4280820953583756,0.6214388023806483,0.1528628122715323,-0.2150909328817257,0.0868070071064468
-1.7747765955470554,-0.4473886189041612,0.6218472371427662,0.128611951367392,-0.2113407942660551,0.0912110968131524
-1.7936197709285993,-0.4662315103882894,0.6222458636423888,0.104943457175274,-0.2076807124901754,0.0955094255222553
-1.8119724441182687,-0.484583907070609,0.622634113590934,0.0818910718949785,-0.2041159054276684,0.0996958654647083
-1.8298090458877123,-0.5024202401080031,0.6230114460725643,0.0594869124664836,-0.20065133962291,0.1037645840275854
-1.8471053871862144,-0.5197163208141955,0.6233773493690359,0.0377613622192862,-0.1972917135357884,0.1077100634311583
-1.863838745401792,-0.5364494269195503,0.6237313427845479,0.0167429625217518,-0.1940414407864253,0.11152712040597
-1.8799879506223052,-0.5525983888308785,0.6240729784705927,-0.0035416955695486,-0.1909046333998937,0.1152109258699106
-1.8955334718965475,-0.5681436758912357,0.6244018432508053,-0.023068079660482,-0.1878850850509389,0.1187570246052913
-1.9104575034953617,-0.5830674826397308,0.6247175604458125,-0.0418138243700225,-0.1849862543086972,0.1221613549359197
-1.9247440511727287,-0.5973538150713193,0.6250197916980832,-0.0597588396808907,-0.1822112478814162,0.1254202684041744
-1.9383790184268817,-0.6109885768966157,0.6253082387967772,-0.0768854192902226,-0.1795628038611733,0.1285305494480797
-1.951350292761396,-0.6239596558016873,0.6255826455025958,-0.0931783489602151,-0.1770432749685965,0.1314894350783809
-1.9636478319463035,-0.6362570097078648,0.6258427993726304,-0.1086250148687868,-0.1746546117975828,0.1342946345556186
-1.9752637502791848,-0.6478727530315385,0.6260885335852129,-0.1232155119602269,-0.172398346060019,0.1369443490672036
-1.9861924048462776,-0.6588012429439629,0.6263197287647647,-0.1369427522958575,-0.1702755738304998,0.1394372914044922
-1.996430481783576,-0.6690391656310606,0.626536314806647,-0.1498025734046835,-0.1682869387910489,0.1417727056398601
-2.005977082537932,-0.6785856225532216,0.6267382727020094,-0.1617938466340494,-0.1664326154758373,0.1439503868037782
-2.01483381012816,-0.687442216705108,0.6269256363626406,-0.1729185855002919,-0.1647122925159038,0.1459707005618866
-2.023004855406138,-0.695613138875457,0.6270984944458173,-0.1831820540393998,-0.1631251558838737,0.1478346028920697
-2.030497083317909,-0.7031052539068838,0.6272569921791542,-0.1925928751576633,-0.1616698721386789,0.1495436597615321
-2.037320119164784,-0.7099281869556793,0.6274013331854531,-0.2011631389823336,-0.1603445716702781,0.151100066803871
-2.0434864348644424,-0.7160944097516166,0.627531781307553,-0.2089085112122759,-0.1591468319443749,0.1525066689961531
-2.049011435212035,-0.7216193268577571,0.6276486624331796,-0.2158483414686214,-0.158073660747138,0.153766980335988
-2.05391354414129,-0.726521361930242,0.6277523663197948,-0.2220057716454286,-0.1571214794299212,0.1548852035186053
-2.058214290985608,-0.7308220439781072,0.6278433484194462,-0.2274078442603335,-0.1562861061539829,0.1558662496139264
-2.061938396739168,-0.7345460936230777,0.6279221317036171,-0.2320856108052078,-0.1555627391352055,0.1567157577436413
-2.0651138603180312,-0.7377215093593728,0.6279893084880757,-0.2360742400968092,-0.1549459398888135,0.1574401147582826
-2.067772044821239,-0.7403796538135061,0.6280455422577248,-0.2394131266274388,-0.1544296164740962,0.1580464749143006
-2.0699477637919177,-0.7425553400040936,0.6280915694914517,-0.2421459989156005,-0.1540070067391245,0.1585427795511387
-2.0716793674783824,-0.7442869176016536,0.6281282014869775,-0.244321027856651,-0.1536706615654721,0.1589377767683063
-2.073008829095233,-0.7456163591884033,0.6281563261857067,-0.2459909350734506,-0.1534124281129333,0.1592410411024565
-2.0739818310844638,-0.74658934651807,0.628176909997577,-0.2472131012670313,-0.1532234330642448,0.1594629932044586
-2.0746478513765583,-0.7472553567756846,0.6281909996259087,-0.2480496745672353,-0.1530940658698046,0.1596149195164731
-2.075060249651598,-0.747667748837398,0.6281997238922545,-0.248567678883387,-0.1530139619923893,0.1597089919490271
-2.075276353600362,-0.7478838495302673,0.628204295561249,-0.2488391222549313,-0.1529719861518768,0.1597582875580898
-2.075357545185424,-0.7479650398920712,0.6282060131654583,-0.2489411052021042,-0.1529562155699645,0.1597768082221471
-2.0753693469022623,-0.7479768414311041,0.6282062628302297,-0.2489559290765733,-0.1529539232148888,0.1597795003192746
-2.075364807936487,-0.7479723040304833,0.6281909379063143,-0.2489492061287067,-0.1529511609703486,0.1597862139654976
-2.075333581477588,-0.7479410883392861,0.6280855079184098,-0.2489029546552134,-0.1529321577172124,0.1598324014470143
-2.075250467432347,-0.7478580029539482,0.6278048897153441,-0.2487798492120774,-0.1528815776227491,0.159955336565617
-2.075091858165441,-0.7476994483796773,0.6272693767663597,-0.2485449230448879,-0.1527850539644472,0.1601899376968959
-2.074835705323232,-0.747443383865686,0.626404527148188,-0.2481655189494729,-0.1526291689402191,0.1605688168616185
-2.0744614866575617,-0.7470692942404269,0.6251410515321234,-0.2476112401325322,-0.1524014334786041,0.1611223287971082
-2.073950172849549,-0.7465581567468256,0.623414701171099,-0.2468539010722706,-0.1520902670489728,0.1618786200286243
-2.0732841943333797,-0.7458924078775152,0.6211661558867609,-0.2458674783790314,-0.1516849774717304,0.1628636779407405
-2.0724474081201008,-0.74505591021007,0.6183409120565427,-0.2446280616559291,-0.1511757407285207,0.1641013798487245
-2.071425064621418,-0.7440339192422392,0.6148891706007403,-0.2431138043594832,-0.1505535807724298,0.1656135420699175
-2.0702037744734856,-0.7428130502271812,0.610765724969587,-0.241304874660251,-0.1498103493381898,0.1674199689951124
-2.0687714753607023,-0.7413812450086975,0.6059298491303275,-0.2391834063034609,-0.1489387057523827,0.1695385021599343
-2.067117398839504,-0.7397277388564665,0.6003451855542936,-0.236733449469646,-0.1479320967436439,0.1719850693162185
-2.06523203716216,-0.7378430273012769,0.5939796332039774,-0.2339409216352767,-0.1467847362528662,0.1747737335033908
-2.063107110100564,-0.7357188329702631,0.5868052355201079,-0.2307935584333943,-0.1454915852434036,0.1779167421198457
-2.060735531770029,-0.7333480724221373,0.5787980684087236,-0.2272808645142442,-0.1440483315112746,0.1814245759943267
-2.0581113774530837,-0.7307248229824249,0.5699381282282499,-0.2233940644059092,-0.1424513694953665,0.1853059984573041
-2.0552298504232605,-0.7278442895786974,0.56020921977657,-0.2191260533749423,-0.1406977800876389,0.189568104412356
-2.0520872487688973,-0.7247027715758073,0.5495988442781045,-0.2144713482870005,-0.1387853104433274,0.1942163694075456
-2.0486809322169246,-0.7212976296111209,0.5380980873708806,-0.2094260384674774,-0.1367123537911476,0.1992546987068021
-2.0450092889566625,-0.7176272524297533,0.5257015070936124,-0.2039877365621375,-0.1344779292434986,0.2046854763612985
-2.0410717024636145,-0.7136910237198013,0.5124070218727703,-0.1981555293977475,-0.1320816616066667,0.2105096142808322
-2.036868518323261,-0.7094892889475786,0.4982157985096606,-0.1919299288427118,-0.1295237611910297,0.2167266013052027
-2.0324010110548527,-0.705023322192848,0.4831321401674956,-0.1853128226677038,-0.1268050036212597,0.2233345522755923
-2.0276713509352056,-0.7002952929840575,0.4671633743584727,-0.1783074254063009,-0.123926709646528,0.230330257105944
-2.022682570822494,-0.6953082331335718,0.4503197409308448,-0.1709182292156154,-0.1208907249507078,0.2377092298543419
-2.0174385329800444,-0.6900660035729087,0.4326142800559998,-0.1631509547369306,-0.1176993999625788,0.2454657577943891
-2.0119438959001306,-0.6845732611879707,0.4140627202155295,-0.1550125019563311,-0.1143555696660302,0.2535929504865887
-2.0062040811277657,-0.6788354256542808,0.3946833661883107,-0.1465109010653387,-0.1108625334102653,0.2620827888497204
-2.000225240084498,-0.672858646272215,0.3744969870375735,-0.137655263321543,-0.1072240347200042,0.2709261742322231
-1.994014220892204,-0.6666497688022376,0.3535267040979826,-0.1284557319092376,-0.1034442411056888,0.2801129774835705
-1.9875785351968795,-0.6602163023001335,0.3317978789627052,-0.1189234328000498,-0.0995277238736852,0.2896320880256537
-1.9809263249924405,-0.653566385952244,0.3093380014704923,-0.1090704256135775,-0.0954794379364889,0.2994714629241571
-1.9740663294445095,-0.646708755910699,0.2861765776927479,-0.0989096544780195,-0.0913047016229273,0.3096181759599408
-1.9670078517142149,-0.6396527121286516,0.2623450179206056,-0.0884548988908097,-0.0870091764883639,0.320058466700418
-1.9597607257819805,-0.6324080851955131,0.2378765246520069,-0.0777207245792517,-0.0825988471249026,0.3307777895709333
-1.952335283271323,-0.6249852031721844,0.2128059805787687,-0.0667224343611492,-0.0780800009715904,0.3417608629261452
-1.9447423202726453,-0.617394858426293,0.1871698365736662,-0.0554760190054426,-0.0734592081246224,0.352991718121401
-1.9369930641670272,-0.6096482744674241,0.1610059996774986,-0.0439981080928383,-0.068743301147544,0.3644537485841203
-1.929099140450024,-0.6017570727823569,0.1343537210861741,-0.0323059208764463,-0.0639393548814566,0.3761297588851704
-1.921072539555457,-0.5937332396702961,0.1072534841377738,-0.020417217142409,-0.0590546662552192,0.388002013810249
-1.912925583679209,-0.5855890930781087,0.0797468922996363,-0.0083502480705388,-0.0540967340956544,0.4000522874312598
-1.9046708936030168,-0.5773372494355548,0.051876557155424,0.003876292905053,-0.0490732389377498,0.4122619121776958
-1.896321355518267,-0.5689905904905245,0.0236859863922055,0.0162433192353191,-0.043992022834864,0.424611827908014
-1.887890087849788,-0.5605622301442692,-0.0047805282124778,0.0287314003956463,-0.0388610691689285,0.4370826309810189
-1.8793904080796464,-0.552065481286638,-0.0334780228035282,0.0413208110252191,-0.033688482460653,0.4496546233272381
-1.8708357995709377,-0.543513822631309,-0.0623609734612263,0.0539915800663901,-0.0284824681797277,0.4623078615203049
-1.8622398783915823,-0.534920865551026,-0.0913834082141461,0.0667235399040423,-0.0232513125550286,0.4750222058483335
-1.8536163601381184,-0.5263003209128296,-0.1204990190520921,0.079496375504961,-0.0180033623848194,0.4877773693853033
-1.844979026759498,-0.5176659659132941,-0.1496612739390114,0.0922896735571954,-0.0127470048469575,0.5005529670624321
-1.8363416933808767,-0.509031610913758,-0.1788235288259317,0.1050829716094304,-0.0074906473090953,0.5133285647395615
-1.8277181751274136,-0.5004110662755621,-0.2079391396638765,0.1178558072103485,-0.0022426971388864,0.5260837282765307
-1.8191222539480585,-0.4918181091952786,-0.236961574416798,0.1305877670480013,0.0029884584858129,0.5387980726045599
-1.8105676454393491,-0.48326645053995,-0.2658445250744946,0.1432585360891716,0.0081944727667379,0.5514513107976262
-1.8020679656692076,-0.4747697016823184,-0.2945420196655461,0.155847946718745,0.0133670594750136,0.564023303143846
-1.7936366980007292,-0.4663413413360635,-0.3230085342702281,0.1683360278790717,0.0184980131409489,0.5764941062168504
-1.7852871599159792,-0.4579946823910329,-0.3511991050334482,0.1807030542093384,0.0235792292438349,0.5888440219471689
-1.7770324698397872,-0.4497428387484793,-0.3790694401776594,0.1929295951849297,0.0286027244017393,0.6010536466936044
-1.7688855139635389,-0.4415986921562919,-0.4065760320157968,0.2049965642567999,0.0335606565613041,0.6131039203146152
-1.7608589130689718,-0.4335748590442311,-0.4336762689641972,0.2168852679908373,0.0384453451875415,0.6249761752396938
-1.7529649893519688,-0.4256836573591639,-0.4603285475555213,0.2285774552072292,0.0432492914536289,0.6366521855407439
-1.7452157332463512,-0.417937073400295,-0.4864923844516892,0.2400553661198334,0.0479651984307072,0.6481142160034632
-1.7376227702476732,-0.4103467286544036,-0.5121285284567917,0.25130178147554,0.0525859912776753,0.659345071198719
-1.7301973277370155,-0.4029238466310749,-0.5371990725300299,0.2623000716936425,0.0571048374309875,0.6703281445539309
-1.7229502018047815,-0.3956792196979365,-0.5616675657986282,0.2730342460052005,0.0615151667944488,0.6810474674244462
-1.7158917240744862,-0.3886231759158891,-0.585499125570771,0.2834890015924103,0.0658106919290123,0.6914877581649237
-1.7090317285265555,-0.3817655458743441,-0.6086605493485152,0.2936497727279683,0.0699854282425739,0.7016344712007072
-1.7023795183221162,-0.3751156295264543,-0.631120426840729,0.3035027799144409,0.0740337141797703,0.7114738460992112
-1.6959438326267926,-0.3686821630243506,-0.6528492519760053,0.3130350790236285,0.0779502314117736,0.7209929566412939
-1.6897328134344978,-0.3624732855543728,-0.673819534915597,0.3222346104359344,0.0817300250260892,0.7301797598926415
-1.6837539723912305,-0.3564965061723072,-0.6940059140663336,0.3310902481797294,0.0853685237163502,0.7390231452751438
-1.6780141576188656,-0.3507586706386171,-0.7133852680935534,0.3395918490707221,0.0888615599721152,0.7475129836382759
-1.6725195205389518,-0.3452659282536795,-0.7319368279340225,0.3477303018513215,0.0922053902686636,0.7556401763304752
-1.6672754826965022,-0.3400236986930161,-0.7496422888088682,0.3554975763300066,0.0953967152567928,0.7633967042705224
-1.6622867025837909,-0.3350366388425306,-0.7664859222364949,0.3628867725206917,0.0984326999526128,0.7707756770189204
-1.6575570424641433,-0.3303086096337399,-0.7824546880455193,0.3698921697820948,0.1013109939273446,0.7777713818492721
-1.653089535195735,-0.3258426428790097,-0.7975383463876832,0.3765092759571026,0.1040297514971145,0.7843793328196614
-1.6488863510553815,-0.3216409081067866,-0.8117295697507937,0.3827348765121388,0.1065876519127516,0.7905963198440324
-1.6449487645623333,-0.3177046793968348,-0.8250240549716349,0.3885670836765281,0.1089839195495833,0.7964204577635657
-1.6412771213020716,-0.3140343022154671,-0.8374206352489045,0.3940053855818682,0.1112183440972324,0.8018512354180624
-1.637870804750099,-0.3106291602507811,-0.8489213921561275,0.3990506954013912,0.1132913007494123,0.8068895647173191
-1.634728203095736,-0.3074876422478906,-0.8595317676545925,0.4037054004893332,0.1152037703937239,0.8115378297125084
-1.6318466760659134,-0.3046071088441632,-0.8692606761062719,0.4079734115203001,0.1169573598014514,0.8157999356675601
-1.629222521748967,-0.3019838594044512,-0.8781206162867462,0.4118602116286342,0.1185543218173595,0.8196813581305376
-1.6268509434184324,-0.2996130988563256,-0.886127783398131,0.4153729055477849,0.1199975755494884,0.8231891920050186
-1.6247260163568369,-0.297488904525311,-0.8933021810820009,0.4185202687496669,0.1212907265589511,0.8263322006214732
-1.622840654679492,-0.2956041929701216,-0.8996677334323165,0.4213127965840372,0.1224380870497288,0.8291208648086457
-1.621186578158294,-0.2939506868178909,-0.9052523970083504,0.4237627534178512,0.1234446960584677,0.8315674319649297
-1.6197542790455108,-0.2925188815994075,-0.91008827284761,0.4258842217746413,0.1243163396442744,0.8336859651297513
-1.618532988897578,-0.2912980125843489,-0.9142117184787634,0.4276931514738733,0.1250595710785143,0.8354923920549462
-1.6175106453988952,-0.290276021616518,-0.9176634599345652,0.4292074087703194,0.1256817310346056,0.8370045542761398
-1.6166738591856171,-0.2894395239490732,-0.9204887037647832,0.4304468254934216,0.1261909677778153,0.8382422561841241
-1.6160078806694471,-0.2887737750797632,-0.9227372490491214,0.4314332481866609,0.1265962573550573,0.8392273140962399
-1.6154965668614354,-0.2882626375861615,-0.9244635994101456,0.4321905872469226,0.1269074237846884,0.8399836053277555
-1.6151223481957655,-0.2878885479609018,-0.9257270750262112,0.4327448660638627,0.1271351592463035,0.8405371172632465
-1.6148661953535552,-0.2876324834469113,-0.9265919246443828,0.4331242701592785,0.1272910442705318,0.8409159964279691
-1.6147075860866495,-0.2874739288726411,-0.9271274375933666,0.4333591963264677,0.1273875679288335,0.8411505975592479
-1.614624472041409,-0.2873908434873021,-0.9274080557964328,0.4334823017696039,0.1274381480232971,0.8412735326778501
-1.6145932455825092,-0.2873596277961046,-0.9275134857843376,0.4335285532430966,0.1274571512764332,0.8413197201593668
-1.6145887066167348,-0.2873550903954849,-0.9275288107082524,0.4335352761909635,0.1274599135209733,0.8413264338055896
-1.6145887066167337,-0.2873550903954838,-0.9275288107082524,0.4335352761909643,0.1274599135209737,0.8414485041180898
-1.6145841674642942,-0.2873654207164521,-0.9275221911085788,0.4335177920598057,0.1274424293904434,0.8414315131680454
-1.6145529397212115,-0.2874364896249021,-0.927476650633638,0.4333975074993894,0.1273221448343497,0.8413146215170622
-1.6144698222579188,-0.2876256505057806,-0.927355437623008,0.4330773515563659,0.1270019889028314,0.8410034963267415
-1.614311206468231,-0.2879866324379757,-0.927124122847029,0.4324663874374657,0.1263910248058868,0.8404097658903276
-1.6140550430917755,-0.2885696157006923,-0.92675055112283,0.4314796847144974,0.1254043221183768,0.8394508954424634
-1.6136808090364207,-0.2894213072798287,-0.9262047929303546,0.4300381915293466,0.1239628289850277,0.8380500629689495
-1.6131694742007068,-0.2905850163743524,-0.9254590960283862,0.4280686067989738,0.1219932443254342,0.8361360350165004
-1.6125034682962731,-0.2921007299026771,-0.9244878370705742,0.4255032524204128,0.1194278900390621,0.8336430425025027
-1.6116666476702912,-0.2940051880090382,-0.92326747322146,0.4222799454757692,0.1162045832102517,0.8305106565247724
-1.61064426212789,-0.2963319595698693,-0.9217764937725024,0.4183418704372185,0.1122665083132201,0.8266836641713123
-1.609422921754589,-0.2991115177001785,-0.9199953717581032,0.4136374513720044,0.1075620894170647,0.8221119443300695
-1.607990563738726,-0.3023713152599246,-0.9179065155716336,0.4081202241474378,0.1020448623907659,0.8167503434986927
-1.6063364191938865,-0.3061358603603932,-0.9154942205814592,0.4017487086358942,0.0956733471081899,0.8105585515942898
-1.604450979981335,-0.3104267918705733,-0.9127446207469666,0.3944862809198121,0.0884109196530914,0.8035009777631852
-1.602325965532441,-0.3152629549235328,-0.9096456402345886,0.3863010454966928,0.0802256845241178,0.7955466261906778
-1.599954289671114,-0.3206604764227957,-0.90618694503383,0.3771657074840964,0.0710903468398101,0.7866689719107978
-1.597330027436227,-0.3266328405487177,-0.9023598945732936,0.367057444824642,0.0609820845436076,0.7768458366160641
-1.5944483819040505,-0.3331909642648624,-0.898157493336706,0.3559577804910053,0.0498824206088499,0.7660592644672426
-1.5913056510106798,-0.3403432728243778,-0.8935743424789431,0.3438524546909169,0.03777709524378,0.7542953979031027
-1.587899194374465,-0.3480957752763725,-0.8886065914420561,0.3307312970721608,0.0246559380965476,0.7415443534501756
-1.584227400118441,-0.3564521399722918,-0.8832518895712972,0.3165880989275728,0.0105127404602114,0.7278000975325108
-1.5802896516927571,-0.365413770072294,-0.8775093377311454,0.3014204854000384,-0.0046548725222576,0.7130603222814347
-1.576086294697105,-0.3749798790516268,-0.871379439921332,0.2852297876874917,-0.0208455696529732,0.6973263213453069
-1.5716186037031503,-0.3851475662070031,-0.8648640548928671,0.2680209152479135,-0.0380544414741311,0.6806028656992785
-1.5668887490769616,-0.3959118921629777,-0.8579663477640647,0.2498022280043293,-0.0562731280630061,0.6628980794550492
-1.5618997638014385,-0.4072659543783233,-0.8506907416365683,0.2305854085498085,-0.0754899468269488,0.6442233156706246
-1.556655510298743,-0.4192009626524068,-0.8430428692113776,0.2103853343524615,-0.0956900202983833,0.6245930321600744
-1.551160647252728,-0.4317063146315654,-0.8350295244048735,0.1892199499604392,-0.1168554039298035,0.6040246673032889
-1.5454205964313676,-0.4447696713154829,-0.8266586139648441,0.1671101392069307,-0.1389652138887709,0.5825385158557368
-1.5394415095091856,-0.4583770325635663,-0.8179391090865102,0.1440795974151618,-0.1619957548529113,0.5601576047582233
-1.5332302348896862,-0.4725128126013213,-0.808880997028552,0.120154703603393,-0.1859206478049119,0.5369075689466465
-1.5267942845277824,-0.4871599155267292,-0.7994952327291336,0.0953643926899188,-0.2107109578275183,0.5128165271617552
-1.5201418007522265,-0.5022998108166228,-0.7897936904219296,0.0697400276980646,-0.2363353218985318,0.4879149577589072
-1.5132815230880383,-0.5179126088330624,-0.7797891152521507,0.0433152719611866,-0.2627600766858066,0.4622355745178256
-1.506222755078937,-0.5339771363297131,-0.7694950748925694,0.0161259613276686,-0.2899493863422459,0.4358132024523569
-1.4989753311097684,-0.550471011958219,-0.7589259111595461,-0.0117900236340778,-0.3178653703007997,0.4086846536202286
-1.491549583228935,-0.5673707217745829,-0.7480966916290538,-0.0403928854306188,-0.3464682310694646,0.3808886029328044
-1.483956307970827,-0.5846516947455374,-0.7370231612527058,-0.0696410374384928,-0.3757163820262732,0.3524654639648475
-1.4762067331782485,-0.6022883782549269,-0.725721693973779,-0.0994912316992214,-0.4055665752143012,0.3234572647642693
-1.4683124848248523,-0.6202543136100782,-0.7142092443432427,-0.129898686714301,-0.4359740291366545,0.2939075236618969
-1.4602855538375632,-0.6385222115481828,-0.7025032991357807,-0.1608172152402155,-0.4668925565514766,0.2638611250812198
-1.4521382629190134,-0.6570640277426665,-0.6906218289658209,-0.1921993520834262,-0.4982746922669347,0.2333641953481589
-1.4438832333699672,-0.6758510383095715,-0.678583239903558,-0.2239964818953841,-0.530071820936227,0.2024639785008126
-1.4355333519117537,-0.6948539153139293,-0.6664063250909809,-0.2561589669675247,-0.5622343048525721,0.1712087120992229
-1.4271017375086943,-0.7140428022761373,-0.6541102163578982,-0.288636275026272,-0.5947116117442105,0.1396475030351285
-1.418601708190535,-0.733387389678336,-0.6417143358379638,-0.3213771070280402,-0.6274524425693999,0.1078302033417233
-1.4100467478748733,-0.7528569904707849,-0.6292383475847028,-0.3543295249542348,-0.6604048593114124,0.075807286003415
-1.401450473189587,-0.772420615578238,-0.6167021091875369,-0.3874410796062554,-0.6935164127735317,0.0436297207655798
-1.3928266002952676,-0.792047049406321,-0.6041256233878105,-0.4206589384004962,-0.7267342703740509,0.0113488499443223
-1.384188911707646,-0.8117049253479073,-0.591528989694817,-0.4539300131633479,-0.7600053439412688,-0.0209837357637668
-1.3755512231200246,-0.8313628012894934,-0.5789323560018236,-0.4872010879261994,-0.7932764175084869,-0.0533163214718566
-1.366927350225705,-0.8509892351175766,-0.5663558702020974,-0.5204189467204399,-0.8264942751090063,-0.0855971922931136
-1.358331075540419,-0.8705528602250298,-0.5538196318049314,-0.5535305013724606,-0.8596058285711256,-0.117774757530949
-1.3497761152247567,-0.8900224610174786,-0.5413436435516703,-0.5864829192986558,-0.8925582453131382,-0.1497976748692577
-1.3412760859065975,-0.9093670484196772,-0.5289477630317359,-0.6192237513004235,-0.9252990761383272,-0.1816149745626626
-1.3328444715035386,-0.9285559353818856,-0.5166516542986535,-0.651701059359171,-0.9577763830299656,-0.2131761836267566
-1.324494590045325,-0.947558812386243,-0.5044747394860762,-0.6838635444313117,-0.9899388669463108,-0.2444314500283467
-1.3162395604962789,-0.966345822953148,-0.4924361504238133,-0.7156606742432694,-1.021735995615603,-0.275331666875693
-1.3080922695777288,-0.9848876391476316,-0.4805546802538535,-0.7470428110864797,-1.0531181313310611,-0.3058285966087538
-1.30006533859044,-1.0031555370857363,-0.4688487350463916,-0.7779613396123941,-1.0840366587458832,-0.3358749951894307
-1.2921710902370434,-1.0211214724408877,-0.4573362854158551,-0.8083687946274738,-1.1144441126682365,-0.3654247362918034
-1.2844215154444654,-1.0387581559502774,-0.4460348181369283,-0.8382189888882028,-1.144294305856265,-0.3944329354923818
-1.276828240186357,-1.0560391289212316,-0.4349612877605803,-0.8674671408960766,-1.1735424568130728,-0.4228560744603383
-1.2694024923055236,-1.0729388387375958,-0.424132068230088,-0.8960700026926176,-1.2021453175817376,-0.4506521251477623
-1.262155068336355,-1.0894327143661018,-0.4135629044970649,-0.923985987654364,-1.2300613015402924,-0.4777806739798905
-1.2550963003272535,-1.1054972418627529,-0.4032688641374831,-0.9511752982878832,-1.257250611196732,-0.50420304604536
-1.2482360226630658,-1.1211100398791922,-0.3932642889677046,-0.9776000540247602,-1.2836753659840057,-0.5298824292864411
-1.2415835388875096,-1.136249935169086,-0.3835627466605004,-1.0032244190166142,-1.3092997300550204,-0.5547839986892892
-1.235147588525606,-1.1508970380944934,-0.3741769823610821,-1.028014729930088,-1.3340900400776263,-0.5788750404741806
-1.2289363139061065,-1.165032818132249,-0.3651188703031237,-1.051939623741858,-1.3580149330296267,-0.6021250762857578
-1.2229572269839246,-1.1786401793803316,-0.3563993654247901,-1.074970165533626,-1.3810454739937672,-0.6245059873832709
-1.217217176162564,-1.1917035360642494,-0.3480284549847605,-1.0970799762871355,-1.4031552839527348,-0.6459921388308228
-1.211722313116549,-1.2042088880434083,-0.3400151101782563,-1.1182453606791571,-1.4243206675841549,-0.6665605036876084
-1.2064780596138536,-1.216143896317491,-0.3323672377530657,-1.138445434876504,-1.444520741055589,-0.686190787198158
-1.2014890743383302,-1.2274979585328378,-0.3250916316255695,-1.1576622543310242,-1.4637375598195317,-0.7048655509825829
-1.1967592197121413,-1.2382622844888118,-0.3181939244967671,-1.1758809415746092,-1.4819562464084064,-0.7225703372268119
-1.1922915287181868,-1.2484299716441885,-0.3116785394683024,-1.193089814014187,-1.4991651182295644,-0.739293792872841
-1.188088171722535,-1.2579960806235213,-0.3055486416584886,-1.209280511726733,-1.5153558153602804,-0.755027793808969
-1.1841504232968507,-1.2669577107235228,-0.2998060898183371,-1.2244481252542678,-1.5305234283427496,-0.7697675690600453
-1.180478629040827,-1.275314075419442,-0.2944513879475784,-1.2385913233988572,-1.5446666259790856,-0.7835118249777092
-1.1770721724046125,-1.2830665778714376,-0.2894836369106913,-1.251712481017612,-1.5577877831263198,-0.7962628694306363
-1.1739294415112418,-1.290218886430952,-0.2849004860529283,-1.2638178068176993,-1.569893108491389,-0.8080267359947756
-1.1710477959790648,-1.2967770101470977,-0.2806980848163407,-1.2749174711513371,-1.580992772426147,-0.8188133081435974
-1.1684235337441782,-1.3027493742730196,-0.2768710343558042,-1.2850257338107915,-1.591101034722348,-0.8286364434383323
-1.1660518578828505,-1.308146895772282,-0.2734123391550457,-1.294161071823389,-1.6002363724066562,-0.837514097718212
-1.1639268434339571,-1.3129830588252416,-0.2703133586426675,-1.3023463072465076,-1.6084216075356308,-0.8454684492907186
-1.1620414042214051,-1.317273990335422,-0.2675637588081747,-1.3096087349625896,-1.6156840349907278,-0.8525260231218242
-1.160387259676566,-1.321038535435891,-0.265151463818001,-1.3159802504741325,-1.6220555502733054,-0.8587178150262255
-1.1589549016607028,-1.3242983329956368,-0.2630626076315306,-1.321497477698699,-1.6275727772996018,-0.8640794158576027
-1.1577335612874011,-1.327077891125946,-0.2612814856171321,-1.3262018967639138,-1.632277196195759,-0.8686511356988459
-1.1567111757450013,-1.329404662686778,-0.2597905061681745,-1.3301399718024638,-1.6362152710927906,-0.8724781280523041
-1.1558743551190185,-1.3313091207931391,-0.25857014231906,-1.3333632787471077,-1.6394385779215994,-0.8756105140300366
-1.1552083492145853,-1.3328248343214637,-0.2575988833612482,-1.3359286331256688,-1.6420039322079718,-0.8781035065440331
-1.154697014378871,-1.3339885434159873,-0.2568531864592794,-1.337898217856042,-1.643973516867564,-0.8800175344964855
-1.1543227803235163,-1.334840234995123,-0.2563074282668052,-1.3393397110411924,-1.645415010000917,-0.8814183669699972
-1.1540666169470617,-1.3354232182578392,-0.2559338565426051,-1.340326413764161,-1.6464017126884265,-0.8823772374178608
-1.1539080011573724,-1.3357842001900344,-0.2557025417666256,-1.3409373778830629,-1.647012676785371,-0.8829709678542755
-1.15382488369408,-1.335973361070913,-0.2555813287559957,-1.341257533826084,-1.6473328327168886,-0.8832820930445958
-1.1537936559509967,-1.3360444299793628,-0.2555357882810556,-1.3413778183864995,-1.6474531172729845,-0.8833989846955784
-1.1537891167985586,-1.3360547603003303,-0.2555291686813816,-1.34139530251766,-1.6474706014035112,-0.8834159756456239
-1.1538009186020477,-1.3360502211482037,-0.2555225490809191,-1.3413893506386168,-1.6474638767600895,-0.8834334597011062
-1.153882110783227,-1.3360189934072708,-0.255477008600552,-1.3413484038424694,-1.6474176136217848,-0.8835537437408966
-1.1540982163186482,-1.3359358759496998,-0.255355795575479,-1.3412394176177287,-1.6472944771309506,-0.8838738982981936
-1.1545106176215607,-1.335777260170931,-0.2551244807719378,-1.3410314356195123,-1.6470594917144177,-0.8844848597726666
-1.1551766428036478,-1.3355210968121098,-0.2547509090032262,-1.340695546166073,-1.6466799919317323,-0.8854715582249033
-1.156149651936763,-1.3351468627825176,-0.2542051507457212,-1.3402048387353278,-1.6461255733233988,-0.8869130451708596
-1.1574791233146635,-1.3346355279820037,-0.2534594537548997,-1.339534360461388,-1.6453680432591176,-0.8888826213763068
-1.1592107397147475,-1.3339695221234185,-0.2524881946813581,-1.3386610726310868,-1.644381371786026,-0.8914479646512806
-1.1613864746597886,-1.3331327015550432,-0.2512678306868323,-1.3375638071805094,-1.643141642476939,-0.8946712576445304
-1.164044678679672,-1.3321103160830232,-0.2497768510602179,-1.3362232231915212,-1.6416270032785871,-0.8986093156379669
-1.167220165573129,-1.3308889757937994,-0.2479957288335902,-1.334621763388298,-1.6398176173598595,-0.9033137143411104
-1.170944298669473,-1.32945661787654,-0.2459068723982243,-1.3327436106338535,-1.637695613960042,-0.9088309176855406
-1.1752450770903349,-1.3278024734455722,-0.2434945771206146,-1.3305746444265696,-1.6352450392370572,-0.915202405619344
-1.180147222011399,-1.3259170343628142,-0.2407449769584951,-1.3281023973967248,-1.6324518071157057,-0.9224648019015628
-1.185672262924138,-1.3237920200602071,-0.2376459960768599,-1.3253160118030236,-1.6293036501359046,-0.930650001896644
-1.191838623897547,-1.3214203443621464,-0.2341873004639828,-1.3222061960291251,-1.6257900703009296,-0.939785300368886
-1.1986617098398824,-1.3187960823079143,-0.2303602495474367,-1.3187651810801724,-1.621902289925653,-0.94989351927689
-1.206153992760394,-1.315914436974111,-0.2261578478101148,-1.3149866770793217,-1.6176332024847857,-0.9609931355680068
-1.2143250980310634,-1.312771706297086,-0.2215746964062494,-1.31086582976427,-1.612977323461114,-0.9730984089727852
-1.2231818906483358,-1.3093652498953725,-0.2166069447774331,-1.3063991769837868,-1.607930741193745,-0.9862195097994207
-1.232728561494858,-1.3056934558921156,-0.2112522422686382,-1.3015846051942412,-1.6024910677263418,-1.0003626467282043
-1.2429667136012144,-1.3017557077375068,-0.2055096897442364,-1.2964213059561307,-1.5966573896553655,-1.0155301946059716
-1.253895448407661,-1.2975523510312146,-0.199379791204019,-1.290909732430611,-1.5904302189783155,-1.031720822240551
-1.2655114520258606,-1.2930846603448165,-0.1928644053992174,-1.2850515558760252,-1.5838114439419688,-1.0489296201952107
-1.277809081500619,-1.2883548060442318,-0.1859666974485232,-1.2788496221444328,-1.5768042798906214,-1.0671482285831084
-1.2907804510716203,-1.2833658211121513,-0.1786910904541069,-1.272307908178138,-1.5694132201143265,-1.0863649648617415
-1.3044155184351642,-1.278121567970471,-0.1710432171176388,-1.2654314785062184,-1.5616439866971354,-1.106564951627394
-1.3187021710058973,-1.2726267053027231,-0.1630298713563095,-1.2582264417410567,-1.5535034813653388,-1.1277302444095831
-1.3336263121785508,-1.266886654876509,-0.1546589599188498,-1.2506999070748668,-1.544999736335705,-1.1498399594655104
-1.3491719475896775,-1.2609075683659283,-0.1459394540015492,-1.2428599407762235,-1.5361418651637209,-1.172870401574511
-1.3653212713793867,-1.254696294174014,-0.1368813408642772,-1.2347155226865922,-1.5269400135918316,-1.196795191832501
-1.3820547524530755,-1.248260344255162,-0.1274955754465038,-1.2262765027168585,-1.517405310397681,-1.2215853954464242
-1.3993512207431693,-1.2416078609375645,-0.117794031983319,-1.217553557343855,-1.5075498182423526,-1.2472096495287015
-1.4171879534708556,-1.2347475837456392,-0.1077894556214516,-1.208558146106893,-1.4973864845186071,-1.2736342908916831
-1.43554076140782,-1.2276888162224644,-0.0974954140352903,-1.199302468104289,-1.4869290921991245,-1.3008234838420938
-1.454384075137979,-1.2204413927522095,-0.0869262490429047,-1.1897994184898957,-1.476192210684744,-1.328739347975479
-1.4736910313192175,-1.2130156453825662,-0.0760970282220641,-1.180062544969631,-1.4651911466527043,-1.3573420859706573
-1.4934335589451262,-1.2054223706471805,-0.0650234965262568,-1.170106004298005,-1.4539418949048817,-1.386590111384169
-1.513582465606734,-1.1976727963880842,-0.0537220279007109,-1.1599445187746509,-1.4424610892160317,-1.4164401764447243
-1.5341075237542434,-1.1897785485781287,-0.0422095768984155,-1.149593332740853,-1.43076595318203,-1.4468474998476486
-1.554977556958767,-1.1817516181434156,-0.0305036302961395,-1.1390681690760784,-1.418874251068112,-1.4777658945493326
-1.576160526174064,-1.1736043277857269,-0.0186221587104509,-1.1283851856945013,-1.4068042386571105,-1.5091478955616848
-1.5976236159982748,-1.165349298804958,-0.0065835682137378,-1.1175609320415356,-1.394574614097699,-1.5409448877465757
-1.619333320935656,-1.1569994179215517,0.0055933480497717,-1.1066123055903625,-1.3822044687526285,-1.5731072336102885
-1.641255531658315,-1.1485678040989262,0.0178894582479897,-1.095556508338461,-1.3697132380469728,-1.6055844010979636
-1.663355621267946,-1.1400677753659108,0.030285340244947,-1.084411003304136,-1.3571206523163633,-1.6383250913880516
-1.685598531557568,-1.1315128156391736,0.0427613299847762,-1.0731934710230453,-1.3444466876552308,-1.6712773666867615
-1.7079488592732583,-1.1229165415456563,0.0552975698756898,-1.061921766044732,-1.331711516765046,-1.7043887780225102
-1.7303709423758862,-1.1142926692450057,0.0678740571739595,-1.050613873429152,-1.31893545980256,-1.737606493040364
-1.7528289463028497,-1.1056549812520042,0.0804706923678964,-1.039287865243204,-1.306138935228044,-1.7708774237964928
-1.7752869502298123,-1.097017293259003,0.0930673275618335,-1.027961857057256,-1.293342410653528,-1.8041483545526216
-1.7977090333324406,-1.088393420958352,0.1056438148601029,-1.016653964441676,-1.280566353691042,-1.837366069570476
-1.8200593610481308,-1.0797971468648349,0.1181800547510168,-1.0053822594633628,-1.267831182800857,-1.870477480906224
-1.8423022713377528,-1.0712421871380975,0.1306560444908458,-0.9941647271822722,-1.2551572181397246,-1.9034297562049345
-1.864402360947384,-1.0627421584050822,0.1430519264878032,-0.983019222147947,-1.2425646324091153,-1.936170446495022
-1.8863245716700423,-1.054310544582457,0.1553480366860211,-0.9719634248960454,-1.2300734017034594,-1.9686476139826976
-1.908034276607424,-1.0459606636990504,0.1675249529495309,-0.9610147984448724,-1.2177032563583892,-2.00080995984641
-1.9294973664316344,-1.0377056347182818,0.1795635434462439,-0.9501905447919068,-1.2054736317989774,-2.0326069520313013
-1.950680335646932,-1.029558344360593,0.1914450150319325,-0.9395075614103298,-1.193403619387976,-2.063988953043653
-1.9715503688514568,-1.021531413925879,0.203150961634209,-0.9289823977455544,-1.1815119172740574,-2.0949073477453384
-1.9920754269989656,-1.013637166115924,0.2146634126365044,-0.9186312117117572,-1.1698167812400555,-2.1253146711482627
-2.0122243336605727,-1.0058875918568282,0.2259648812620497,-0.9084697261884032,-1.1583359755512062,-2.1551647362088167
-2.031966861286481,-0.9982943171214422,0.2370384129578571,-0.8985131855167772,-1.1470867238033835,-2.184412761622329
-2.0512738174677203,-0.9908685697517984,0.2478676337786982,-0.8887763119965121,-1.1360856597713431,-2.213015499617508
-2.0701171311978794,-0.9836211462815436,0.2584367987710839,-0.8792732623821189,-1.125348778256963,-2.240931363750893
-2.088469939134843,-0.9765623787583692,0.2687308403572446,-0.8700175843795152,-1.1148913859374807,-2.2681205567013025
-2.106306671862529,-0.969702101566444,0.2787354167191121,-0.8610221731425529,-1.1047280522137353,-2.2945451980642844
-2.1236031401526234,-0.9630496182488464,0.288436960182297,-0.8522992277695498,-1.0948725600584068,-2.320169452146562
-2.140336621226312,-0.9566136683299944,0.2978227256000702,-0.8438602077998159,-1.0853378568642564,-2.344959655760485
-2.156485945016021,-0.95040239413808,0.3068808387373424,-0.8357157897101842,-1.076136005292367,-2.368884446018475
-2.172031580427148,-0.9444233076274996,0.3156003446546426,-0.8278758234115411,-1.0672781341203832,-2.3919148881274754
-2.186955721599801,-0.9386832572012852,0.3239712560921028,-0.8203492887453513,-1.0587743890907493,-2.414024603183403
-2.2012423741705343,-0.9331883945335376,0.3319846018534317,-0.8131442519801897,-1.0506338837589526,-2.4351898959655927
-2.214877441534078,-0.927944141391857,0.3396324751899,-0.8062678223082703,-1.0428646503417616,-2.455389882731245
-2.22784881110508,-0.9229551564597764,0.3469080821843164,-0.7997261083419751,-1.0354735905654664,-2.4746066190098768
-2.2401464405798377,-0.9182253021591916,0.3538057901350105,-0.793524174610383,-1.0284664265141192,-2.492825227397775
-2.251762444198038,-0.9137576114727936,0.360321175939812,-0.7876659980557971,-1.0218476514777728,-2.510034025352435
-2.2626911790044844,-0.9095542547665016,0.3664510744800294,-0.7821544245302773,-1.015620480800722,-2.5262246529870147
-2.2729293311108405,-0.9056165066118927,0.3721936270044313,-0.776991125292167,-1.009786802729746,-2.5413922008647827
-2.282476001957363,-0.9019447126086362,0.3775483295132263,-0.7721765535026213,-1.0043471292623432,-2.5555353377935663
-2.2913327945746342,-0.898538256206922,0.3825160811420423,-0.7677099007221382,-0.999300546994974,-2.5686564386202004
-2.299503899845305,-0.8953955255298975,0.387099232545908,-0.7635890534070863,-0.9946446679713028,-2.58076171202498
-2.306996182765816,-0.8925138801960939,0.3913016342832298,-0.7598105494062353,-0.9903755805304352,-2.5918613283160963
-2.313819268708152,-0.8898896181418615,0.3951286851997759,-0.7563695344572829,-0.9864878001551588,-2.6019695472241007
-2.319985629681561,-0.8875179424438011,0.3985873808126536,-0.7532597186833843,-0.982974220320183,-2.611104845696341
-2.3255106705943,-0.8853929281411936,0.4016863616942882,-0.7504733330896826,-0.9798260633403822,-2.6192900456914234
-2.3304128155153645,-0.8835074890584356,0.404435961856408,-0.748001086059838,-0.977032831219031,-2.626552441973643
-2.3347135939362262,-0.8818533446274678,0.4068482571340177,-0.7458321198525542,-0.9745822564960464,-2.632923929907447
-2.3384377270325696,-0.8804209867102093,0.4089371135693839,-0.7439539670981093,-0.9724602530962282,-2.6384411332518765
-2.341613213926027,-0.8791996464209848,0.4107182357960107,-0.7423525072948866,-0.970650867177501,-2.64314553195502
-2.34427141794591,-0.8781772609489649,0.4122092154226257,-0.7410119233058986,-0.9691362279791492,-2.647083589948456
-2.346447152890951,-0.8773404403805894,0.4134295794171511,-0.7399146578553212,-0.9678964986700614,-2.6503068829417065
-2.3481787692910348,-0.876674434522004,0.4144008384906933,-0.7390413700250195,-0.9669098271969704,-2.6528722262166804
-2.349508240668936,-0.8761630997214909,0.4151465354815143,-0.7383708917510804,-0.96615229713269,-2.6548418024221263
-2.3504812498020518,-0.8757888656918985,0.4156922937390194,-0.7378801843203354,-0.9655978785243562,-2.6562832893680826
-2.351147274984138,-0.875532702333077,0.4160658655077312,-0.7375442948668955,-0.9652183787416704,-2.65726998782032
-2.3515596762870503,-0.8753740865543089,0.4162971803112728,-0.7373363128686794,-0.964983393325138,-2.657880949294793
-2.35177578182247,-0.875290969096737,0.4164183933363456,-0.7372273266439384,-0.9648602568343032,-2.6582011038520905
-2.351856974003651,-0.8752597413558049,0.4164639338167126,-0.7371863798477915,-0.9648139936959992,-2.6583213878918794
-2.3518687758071404,-0.8752552022036779,0.4164705534171745,-0.7371804279687483,-0.9648072690525769,-2.658338871947362
-2.351864236653564,-0.8752506630519361,0.4164534264133237,-0.7371957915575368,-0.96481405356959,-2.658337169979835
-2.3518330089026533,-0.8752194353136531,0.4163355987608796,-0.7373014875459202,-0.9648607286167616,-2.658325461052812
-2.3517498914185264,-0.8751363178631352,0.4160219822580474,-0.7375828137503605,-0.9649849614666896,-2.6582942959343634
-2.3515912755890804,-0.8749777020978259,0.4154234975680055,-0.7381196778016608,-0.9652220391013508,-2.6582348225135246
-2.351335112148416,-0.8747215387607415,0.4144569490342192,-0.7389867094404996,-0.9656049178014882,-2.658138773360276
-2.350960877999257,-0.8743473047629051,0.4130448994957531,-0.7402533728129654,-0.9661642727359988,-2.657998453285521
-2.350449543035374,-0.8738359700057811,0.4111155451025849,-0.7419840787660915,-0.966928547551322,-2.657806726901069
-2.3497835369640017,-0.87316996420371,0.4086025901309177,-0.7442382971433905,-0.9679240039608276,-2.657557006179611
-2.348946716128265,-0.8723331437063436,0.4054451217984939,-0.7470706690803884,-0.9691747713342024,-2.6572432380147046
-2.347924330329596,-0.8713107583210788,0.401587485079907,-0.7505311193001601,-0.9707028962868404,-2.656859891780749
-2.3467029896501583,-0.8700894181354927,0.3969791575219162,-0.7546649684088627,-0.9725283922692292,-2.6564019468929705
-2.345270631275265,-0.8686570603397769,0.391574624058758,-0.7595130451912716,-0.974669289156338,-2.6558648803673948
-2.3436164863158035,-0.8670029160491726,0.3853332518274606,-0.7651117989063133,-0.9771416828370064,-2.6552446543808337
-2.3417310466306542,-0.8651174771264047,0.3782191649831554,-0.771493411582602,-0.9799597848033316,-2.654537703830863
-2.339606031649112,-0.862992463004117,0.3702011195143919,-0.7786859103139718,-0.983135971740056,-2.6537409238958007
-2.337234355193309,-0.8606207875073064,0.3612523780584486,-0.7867132795550138,-0.9866808351139568,-2.652851657594689
-2.334610092300633,-0.8579965256757577,0.3513505847166486,-0.7955955734166081,-0.9906032307632324,-2.651867683347272
-2.331728446046154,-0.8551148805864778,0.3404776398696698,-0.8053490279614611,-0.9949103284868906,-2.6507872025339787
-2.3285857143650373,-0.8519721501761316,0.328619574992861,-0.815986173499637,-0.9996076616341372,-2.6496088270559
-2.325179256874972,-0.8485656940634748,0.3157664274715513,-0.8275159468840956,-1.0046991766937632,-2.648331566894771
-2.321507461698589,-0.8448939003717905,0.3019121154163679,-0.8399438038062234,-1.0101872828835332,-2.646954817672948
-2.3175697122858825,-0.8409561525513216,0.2870543124785435,-0.8532718310913723,-1.0160729017395738,-2.6454783482133903
-2.313366354236632,-0.836752796201708,0.2711943226652353,-0.8674988589943893,-1.0223555167057596,-2.6439022880996426
-2.3088986621228216,-0.8322851058944187,0.2543369551548322,-0.8826205734951562,-1.0290332227231045,-2.642227115235808
-2.304168806311064,-0.8275552519951886,0.2364903991122734,-0.898629628594119,-1.036102775819146,-2.640453643406536
-2.299179819785019,-0.8225662674864513,0.2176660985043561,-0.9155157586078276,-1.0435596426973357,-2.638583009836996
-2.2939355649678173,-0.8173220147897756,0.1978786269150541,-0.9332658904644656,-1.0513980503264255,-2.63661666275286
-2.288440700544479,-0.8118271525882979,0.177145562360825,-0.9518642559993892,-1.059611035529859,-2.634556348940283
-2.282700648284338,-0.8060871026491592,0.1554873621059293,-0.9712925042506572,-1.068190494575153,-2.632404101305882
-2.276721559863459,-0.8001080166459377,0.132927237477737,-0.9915298137545704,-1.077127232763293,-2.6301622264367164
-2.270510283687063,-0.7938967429810851,0.1094910286820477,-1.0125530048412017,-1.086411014018115,-2.6278332921602665
-2.2640743317119463,-0.7874607936083599,0.0852070796183973,-1.0343366519299342,-1.096030610475697,-2.6254201151044154
-2.257421846268902,-0.7808083108552624,0.0601061126953732,-1.056853195824995,-1.1059738520737463,-2.622925748257427
-2.250561566885141,-0.7739480342454704,0.0342211036459316,-1.0800730560109857,-1.1162276761409866,-2.620353468527928
-2.2435027971067134,-0.7668892673212719,0.0075871563427021,-1.1039647429484245,-1.1267781769865464,-2.6177067643048857
-2.2362553713209308,-0.7596418444660019,-0.0197586223866899,-1.128494970369273,-1.1376106554893464,-2.6149893230175896
-2.228829621578785,-0.7522160977264747,-0.0477772479443194,-1.1536287675724777,-1.1487096686874896,-2.6122050186956303
-2.221236344417373,-0.7446228236354209,-0.0764279831466391,-1.1793295917194972,-1.1600590793676455,-2.60935789952888
-2.213486767682314,-0.7368732500339197,-0.1056684634091769,-1.2055594401298455,-1.1716421056544428,-2.606452175427471
-2.2055925173501727,-0.7289790028938361,-0.1354548219312116,-1.232278962576617,-1.183441370599852,-2.603492205581779
-2.197565584350881,-0.7209520731402528,-0.1657418148804711,-1.2594475735820307,-1.195438951772579,-2.600482486022398
-2.1894182913901603,-0.7128047834739072,-0.1964829465778085,-1.287023564712955,-1.2076164308474473,-2.5974276371801244
-2.181163259771937,-0.7045497551936241,-0.2276305946818994,-1.3149642168764524,-1.2199549431947916,-2.594332391445936
-2.1728133762207715,-0.6961998750187521,-0.2591361353739191,-1.3432259126153037,-1.2324352274698402,-2.5912015807309694
-2.1643817597042734,-0.6877682619115968,-0.2909500685422388,-1.371764248403553,-1.2450376752021084,-2.588040124026504
-2.155881728255527,-0.6792682338998566,-0.3230221429671031,-1.4005341469420318,-1.2577423803847818,-2.5848530149639384
-2.147326765795508,-0.6707132748990555,-0.3553014815053271,-1.4294899694539036,-1.2705291890641075,-2.581645309374772
-2.1387304889555097,-0.6621170015349809,-0.3877367062749733,-1.4585856279801892,-1.28337774892878,-2.578422112850585
-2.13010661389956,-0.6534931299661141,-0.420276063840048,-1.4877746976753103,-1.296267558899331,-2.5751885683030173
-2.121468923146846,-0.6448554427060692,-0.4528675503951781,-1.5170105291026146,-1.3091780187175142,-2.5719498435237496
-2.112831232394132,-0.6362177554460239,-0.4854590369503098,-1.5462463605299197,-1.322088478535698,-2.5687111187444813
-2.1042073573381828,-0.6275938838771575,-0.5179983945153828,-1.5754354302250395,-1.334978288506248,-2.565477574196914
-2.095611080498184,-0.6189976105130826,-0.5504336192850303,-1.6045310887513262,-1.3478268483709208,-2.5622543776727267
-2.087056118038165,-0.6104426515122818,-0.5827129578232533,-1.6334869112631971,-1.3606136570502465,-2.5590466720835607
-2.0785560865894186,-0.6019426235005412,-0.6147850322481186,-1.6622568098016768,-1.3733183622329204,-2.555859563020995
-2.0701244700729213,-0.5935110103933863,-0.6465989654164374,-1.6907951455899246,-1.3859208099651883,-2.5526981063165297
-2.0617745865217554,-0.5851611302185145,-0.6781045061084571,-1.7190568413287766,-1.3984010942402367,-2.549567295601564
-2.053519554903532,-0.5769061019382313,-0.7092521542125475,-1.746997493492274,-1.410739606587581,-2.5464720498673747
-2.045372261942811,-0.5687588122718856,-0.7399932859098851,-1.7745734846231975,-1.4229170856624491,-2.5434172010251013
-2.03734532894352,-0.5607318825183021,-0.7702802788591449,-1.801742095628612,-1.4349146668351762,-2.5404074814657203
-2.029451078611378,-0.5528376353782187,-0.8000666373811794,-1.8284616180753832,-1.4467139317805855,-2.537447511620028
-2.021701501876319,-0.5450880617767175,-0.8293071176437169,-1.854691466485732,-1.4582969580673828,-2.534541787518619
-2.014108224714907,-0.5374947876856637,-0.8579578528460367,-1.8803922906327517,-1.4696463687475387,-2.531694668351869
-2.0066824749727616,-0.5300690409461364,-0.8859764784036664,-1.9055260878359557,-1.480745381945682,-2.528910364029909
-1.999435049186979,-0.5228216180908665,-0.9133222571330584,-1.9300563152568049,-1.4915778604484815,-2.526192922742613
-1.992376279408552,-0.5157628511666681,-0.9399562044362882,-1.9539480021942437,-1.5021283612940417,-2.5235462185195714
-1.985516000024791,-0.5089025745568763,-0.9658412134857298,-1.9771678623802336,-1.512382185361282,-2.520973938790072
-1.978863514581746,-0.5022500918037784,-0.9909421804087534,-1.999684406275294,-1.5223254269593314,-2.518479571943084
-1.9724275626066292,-0.4958141424310533,-1.0152261294724043,-2.021468053364027,-1.5319450234169136,-2.5160663948872326
-1.9662162864302333,-0.4896028687662006,-1.0386623382680944,-2.042491244450659,-1.5412288046717355,-2.5137374606107823
-1.9602371980093547,-0.4836237827629794,-1.061222462896286,-2.0627285539545714,-1.5501655428598755,-2.511495585741617
-1.954497145749213,-0.4778837328238403,-1.0828806631511827,-2.0821568022058403,-1.5587450019051698,-2.5093433381072163
-1.9490022813258752,-0.4723888706223627,-1.1036137277054103,-2.100755167740763,-1.5669579871086026,-2.50728302429464
-1.9437580265086731,-0.4671446179256871,-1.1234011992947135,-2.1185052995974027,-1.5747963947376933,-2.5053166772105038
-1.9387690399826285,-0.46215563341695,-1.1422254999026291,-2.13539142961111,-1.5822532616158824,-2.503446043640963
-1.9340391841708704,-0.4574257795177195,-1.160072055945189,-2.151400484710073,-1.5893228147119245,-2.501672571811691
-1.9295714920570608,-0.4529580892104303,-1.1769294234555918,-2.16652219921084,-1.596000520729269,-2.499997398947857
-1.9253681340078097,-0.4487547328608171,-1.1927894132689012,-2.180749227113857,-1.6022831356954552,-2.4984213388341083
-1.921430384595103,-0.4448169850403482,-1.2076472162067242,-2.194077254399005,-1.608168754551495,-2.4969448693745515
-1.9177585894187203,-0.4411451913486635,-1.2215015282619084,-2.206505111321134,-1.6136568607412656,-2.495568120152728
-1.9143521319286556,-0.4377387352360069,-1.234354675783218,-2.218034884705592,-1.6187483758008914,-2.494290859991599
-1.9112094002475384,-0.4345960048256607,-1.246212740660027,-2.228672030243768,-1.6234457089481376,-2.493112484513521
-1.9083277539930583,-0.4317143597363813,-1.2570856855070054,-2.238425484788621,-1.627752806671796,-2.4920320037002277
-1.905703491100384,-0.4290900979048323,-1.2669874788488062,-2.247307778650216,-1.6316752023210723,-2.4910480294528106
-1.9033318146445803,-0.4267184224080214,-1.2759362203047488,-2.255335147891256,-1.6352200656949725,-2.4901587631516984
-1.901206799663038,-0.4245934082857338,-1.2839542657735126,-2.262527646622627,-1.638396252631697,-2.4893619832166363
-1.8993213599778884,-0.4227079693629663,-1.2910683526178164,-2.268909259298917,-1.641214354598022,-2.488655032666665
-1.897667215018427,-0.4210538250723621,-1.2973097248491152,-2.274508013013957,-1.6436867482786903,-2.4880348066801043
-1.8962348566435336,-0.4196214672766457,-1.3027142583122733,-2.279356089796366,-1.6458276451657994,-2.4874977401545286
-1.895013515964096,-0.4184001270910598,-1.307322585870263,-2.2834899389050687,-1.6476531411481885,-2.4870397952667496
-1.8939911301654275,-0.4173777417057956,-1.3111802225888507,-2.2869503891248404,-1.6491812661008265,-2.4866564490327945
-1.8931543093296908,-0.4165409212084293,-1.314337690921274,-2.289782761061838,-1.6504320334742013,-2.486342680867888
-1.8924883032583175,-0.4158749154063573,-1.3168506458929436,-2.292036979439138,-1.6514274898837065,-2.4860929601464306
-1.891976968294435,-0.4153635806492335,-1.318780000286111,-2.293767685392263,-1.65219176469903,-2.485901233761978
-1.8916027341452764,-0.4149893466513981,-1.3201920498245765,-2.2950343487647293,-1.6527511196335414,-2.485760913687223
-1.8913465707046115,-0.4147331833143131,-1.3211585983583651,-2.2959013804035675,-1.6531339983336784,-2.4856648645339745
-1.8911879548751651,-0.4145745675490039,-1.321757083048405,-2.296438244454868,-1.6533710759683395,-2.485605391113136
-1.8911048373910395,-0.4144914500984856,-1.3220706995512366,-2.2967195706593087,-1.6534953088182671,-2.485574225994687
-1.8910736096401295,-0.4144602223602032,-1.3221885272036815,-2.296825266647694,-1.6535419838654393,-2.485562517067664
-1.8910690704865525,-0.4144556832084603,-1.322205654207531,-2.2968406302364803,-1.6535487683824517,-2.485560815100137
-1.8910645313315968,-0.4144511442048015,-1.3222045621600276,-2.296850189335035,-1.65354715377978,-2.485559790469234
-1.8910333035712084,-0.4144199174852765,-1.3221970492643231,-2.2969159525094907,-1.6535360458916708,-2.4855527413755927
-1.890950186061852,-0.4143368027463404,-1.322177052531569,-2.297090991359542,-1.6535064805311603,-2.485533979123693
-1.8907915701842597,-0.414178192155632,-1.3221388921085808,-2.2974250237557072,-1.6534500599810258,-2.485498174501132
-1.8905354066658384,-0.4139220371754914,-1.3220772632958446,-2.29796448370869,-1.6533589411923326,-2.4854403502893936
-1.890161172403084,-0.4135478153864764,-1.321987228565525,-2.298752591238734,-1.6532258239829816,-2.4853558737746164
-1.8896498372839887,-0.41303649731088,-1.3218642095794713,-2.299829422244983,-1.6530439392362564,-2.485240449258362
-1.888983831010456,-0.4123705132362469,-1.3217039792072245,-2.3012319783748363,-1.6528070370993695,-2.485090110568384
-1.888147009920709,-0.4115337200388911,-1.3215026535440246,-2.3029942568933097,-1.6525093751820104,-2.484901213569393
-1.8871246238117032,-0.4105113680074124,-1.3212566839288182,-2.3051473205523907,-1.6521457067548917,-2.4846704286738324
-1.8859032827615367,-0.4092900676662135,-1.320962848962264,-2.307719367460396,-1.651711268948297,-2.4843947333526377
-1.884470923951863,-0.4078577565990172,-1.3206182465247407,-2.310735800951333,-1.6512017709506268,-2.4840714046460124
-1.8828167784902996,-0.4062036662723833,-1.3202202857943548,-2.314219299454252,-1.650613382206948,-2.483698011674192
-1.88093133823284,-0.4043182888592254,-1.3197666792649456,-2.3181898863626085,-1.6499427206175377,-2.4832724081482125
-1.878806322606266,-0.4021933440623286,-1.319255434764094,-2.32266499990362,-1.6491868407364323,-2.482792724880684
-1.87643464543056,-0.3998217459378652,-1.3186848474711292,-2.327659563007623,-1.648343221969975,-2.482257362296549
-1.8738103817413103,-0.397197569718913,-1.3180534919351343,-2.3331860531774296,-1.6474097567753605,-2.4816649829438626
-1.8709287346121304,-0.3943160186389718,-1.3173602140929552,-2.339254572357689,-1.6463847388591843,-2.4810145040045524
-1.8677860019770625,-0.3911733907554801,-1.3166041232872063,-2.3458729168042423,-1.6452668513759894,-2.4803050898051886
-1.8643795434529944,-0.3877670457733322,-1.3157845842842784,-2.353046646953481,-1.644055155126812,-2.4795361443277555
-1.8607077471620677,-0.3840953718683964,-1.3149012092923449,-2.360779157291703,-1.6427490767577304,-2.4787073037204164
-1.8567699965540885,-0.3801577525110296,-1.313953849979369,-2.369071746224477,-1.6413483969584102,-2.477818428808284
-1.8525666372289424,-0.375954533289597,-1.3129425894911115,-2.3779236859459894,-1.6398532386606537,-2.476869597604187
-1.848098943759,-0.371486988733987,-1.3118677344691363,-2.387332292308413,-1.638264055236944,-2.4758610978194406
-1.8433690865115324,-0.366757289139129,-1.3107298070688194,-2.3972929946912584,-1.636581618698995,-2.4747934193746137
-1.838380098471121,-0.3617684673885105,-1.3095295369773532,-2.4077994058707337,-1.634807007896296,-2.473667246910297
-1.833135842062068,-0.3565243857776942,-1.3082678534317569,-2.4188433918891024,-1.6329415967146603,-2.472483452297872
-1.8276409759708072,-0.3510297028378339,-1.3069458772368796,-2.4304151419240405,-1.6309870422747723,-2.471243087150279
-1.821900921968319,-0.3452898401591943,-1.3055649127834117,-2.4425032381579936,-1.6289452731307337,-2.469947375332786
-1.8159218317325356,-0.3393109492146637,-1.304126440065887,-2.4550947256475384,-1.62681847746861,-2.468597705473756
-1.8097105536707567,-0.3330998781832757,-1.3026321067006947,-2.468175182192734,-1.6246090913049802,-2.467195623475417
-1.8032745997420585,-0.3266641387737222,-1.3010837199440828,-2.4817287882064867,-1.622319786685481,-2.4657428250246287
-1.7966221122797057,-0.3200118730478727,-1.2994832387101658,-2.495738396583904,-1.6199534598833554,-2.4642411481036524
-1.789761830813562,-0.3131518202442906,-1.297832765588933,-2.510185602571653,-1.6175132195979989,-2.4626925655009173
-1.7827030588925017,-0.3060932836017504,-1.2961345388642544,-2.5250508136373178,-1.6150023751535074,-2.4610991773217923
-1.7754556309068212,-0.2988460971827544,-1.294390924531888,-2.540313319338757,-1.612424424697224,-2.4594632034993498
-1.7680298789106486,-0.2914205926970495,-1.2926044083174868,-2.555951361193467,-1.6097830433982854,-2.457786976305138
-1.760436599444358,-0.2838275663251464,-1.2907775876946057,-2.571942202547926,-1.6070820716461705,-2.456072932859948
-1.7526870203569764,-0.276078245541832,-1.2889131639027085,-2.5882621984469703,-1.604325503249245,-2.454323607644582
-1.744792767628599,-0.2681842559396922,-1.287013933965175,-2.604886865503135,-1.601517473633311,-2.45254162501062
-1.7367658321927968,-0.2601575880526238,-1.2850827827073084,-2.621790951766024,-1.5986622480401536,-2.4507296916911923
-1.72861853675903,-0.2520105641793541,-1.2831226747743414,-2.638948506591663,-1.595764209726085,-2.448890589311744
-1.7203635026350586,-0.2437558052069573,-1.281136646649444,-2.656332950511856,-1.5928278481604958,-2.447027166900805
-1.7120136165493527,-0.235406197434372,-1.27912779867173,-2.6739171451035446,-1.5898577472243995,-2.4451423334007574
-1.7035819974735047,-0.2269748593959168,-1.2770992870542637,-2.691673462858169,-1.5868585734089802,-2.4432390501786063
-1.695081963444642,-0.2184751086848105,-1.2750543159020689,-2.709573857051016,-1.58383506401414,-2.441320323536746
-1.6865269983878324,-0.209920428776684,-1.2729961292301324,-2.727589931610592,-1.5807920153470454,-2.439389197223728
-1.677930718938503,-0.2013244358531032,-1.2709280029814147,-2.745693010987963,-1.5777342709206748,-2.437448744945032
-1.669306841264846,-0.1927008456250807,-1.2688532370448546,-2.7638542100261283,-1.574666709652365,-2.43550206287383
-1.6606691478902302,-0.1840634401565957,-1.2667751472733766,-2.78204450382937,-1.5715942340623594,-2.43355226216176
-1.6520314545156145,-0.1754260346881108,-1.2646970575018983,-2.800234797632612,-1.568521758472354,-2.43160246144969
-1.6434075768419572,-0.1668024444600883,-1.2626222915653385,-2.8183959966707777,-1.565454197204044,-2.4296557793784883
-1.6348112973926274,-0.1582064515365067,-1.2605541653166206,-2.83649907604815,-1.5623964527776733,-2.427715327099792
-1.6262563323358186,-0.149651771628381,-1.2584959786446843,-2.854515150607724,-1.5593534041105788,-2.425784200786774
-1.6177562983069549,-0.141152020917274,-1.2564510074924893,-2.8724155448005733,-1.5563298947157385,-2.4238654741449137
-1.6093246792311076,-0.1327206828788196,-1.2544224958750232,-2.890171862555196,-1.553330720900319,-2.4219621909227627
-1.600974793145402,-0.1243710751062342,-1.2524136478973091,-2.907756057146885,-1.550360619964223,-2.4200773574227155
-1.5927197590214304,-0.1161163161338375,-1.2504276197724118,-2.925140501067077,-1.547424258398634,-2.418213935011776
-1.5845724635876637,-0.1079692922605677,-1.2484675118394448,-2.9422980558927163,-1.5445262200845653,-2.416374832632328
-1.5765455281518612,-0.0999426243734993,-1.2465363605815782,-2.9592021421556054,-1.5416709944914075,-2.4145628993129
-1.568651275423484,-0.0920486347713594,-1.244637130644045,-2.97582680921177,-1.538862964875474,-2.4127809166789382
-1.5609016963361022,-0.0842993139880452,-1.2427727068521477,-2.9921468051108144,-1.5361063964785484,-2.411031591463572
-1.5533084168698117,-0.076706287616142,-1.2409458862292664,-3.0081376464652734,-1.5334054247264337,-2.409317548018382
-1.5458826648736392,-0.069280783130437,-1.239159370014865,-3.023775688319983,-1.530764043427495,-2.4076413208241703
-1.5386352368879588,-0.0620335967114411,-1.2374157556824987,-3.0390381940214226,-1.5281860929712114,-2.406005347001728
-1.5315764649668986,-0.0549750600689009,-1.2357175289578202,-3.0539034050870875,-1.52567524852672,-2.4044119588226027
-1.5247161835007548,-0.0481150072653189,-1.2340670558365874,-3.068350611074836,-1.5232350082413637,-2.402863376219868
-1.518063696038402,-0.0414627415394692,-1.2324665746026704,-3.082360219452253,-1.5208686814392378,-2.4013616992988918
-1.5116277421097035,-0.0350270021299157,-1.2309181878460584,-3.095913825466006,-1.5185793768197386,-2.399908900848103
-1.5054164640479244,-0.0288159310985272,-1.229423854480866,-3.1089942820112038,-1.5163699906561086,-2.398506818849764
-1.4994373738121414,-0.0228370401539972,-1.2279853817633417,-3.1215857695007467,-1.5142431949939852,-2.397157148990734
-1.4936973198096526,-0.0170971774753571,-1.2266044173098734,-3.1336738657347007,-1.512201425849946,-2.3958614371732407
-1.4882024537183929,-0.0116024945354972,-1.2252824411149963,-3.145245615769638,-1.5102468714100583,-2.394621072025648
-1.4829581973093393,-0.0063584129246808,-1.2240207575694,-3.156289601788007,-1.508381460228423,-2.393437277413223
-1.4779692092689278,-0.0013695911740624,-1.2228204874779338,-3.166796012967482,-1.506606849425724,-2.3923111049489063
-1.4732393520214604,0.0033601084207955,-1.2216825600776169,-3.176756715350328,-1.504924412887775,-2.3912434265040794
-1.468771658551518,0.0078276529764054,-1.2206077050556416,-3.1861653217127506,-1.5033352294640652,-2.390234926719333
-1.4645682992263716,0.0120308721978384,-1.219596444567384,-3.1950172614342645,-1.5018400711663085,-2.3892860955152364
-1.4606305486183926,0.0159684915552052,-1.2186490852544083,-3.203309850367037,-1.500439391366989,-2.388397220603104
-1.4569587523274656,0.0196401654601408,-1.2177657102624746,-3.21104236070526,-1.4991333129979068,-2.3875683799957645
-1.4535522938033976,0.0230465104422885,-1.2169461712595466,-3.218216090854497,-1.4979216167487297,-2.3867994345183314
-1.45040956116833,0.0261891383257802,-1.216190080453798,-3.224834435301051,-1.4968037292655345,-2.386090020318968
-1.4475279140391497,0.0290706894057214,-1.2154968026116189,-3.230902954481309,-1.4957787113493584,-2.3854395413796574
-1.4449036503499006,0.0316948656246738,-1.214865447075624,-3.2364294446511184,-1.494845246154744,-2.384847162026971
-1.442531973174194,0.0340664637491372,-1.214294859782659,-3.24142400775512,-1.4940016273882866,-2.3843117994428367
-1.440406957547621,0.0361914085460338,-1.2137836152818076,-3.245899121296131,-1.4932457475071812,-2.3838321161753075
-1.438521517290161,0.038076785959192,-1.2133300087523984,-3.2498697082044887,-1.4925750859177709,-2.3834065126493287
-1.4368673718285967,0.0397308762858256,-1.2129320480220125,-3.253353206707408,-1.491986697174092,-2.383033119677508
-1.4354350130189228,0.0411631873530221,-1.2125874455844894,-3.256369640198344,-1.4914771991764222,-2.3827097909708823
-1.4342136719687568,0.0423844876942209,-1.212293610617935,-3.258941687106349,-1.4910427613698274,-2.382434095649688
-1.433191285859751,0.0434068397256994,-1.2120476410027283,-3.2610947507654284,-1.4906790929427087,-2.382203310754127
-1.432354464770004,0.0442436329230552,-1.2118463153395287,-3.2628570292839028,-1.4903814310253494,-2.382014413755136
-1.431688458496471,0.0449096169976885,-1.211686084967282,-3.2642595854137566,-1.4901445288884625,-2.381864075065158
-1.4311771233773758,0.045420935073285,-1.211563065981228,-3.265336416420007,-1.489962644141737,-2.381748650548904
-1.430802889114621,0.0457951568623002,-1.2114730312509083,-3.2661245239500496,-1.4898295269323862,-2.3816641740341264
-1.4305467255962006,0.0460513118424401,-1.2114114024381726,-3.266663983903032,-1.489738408143693,-2.381606349822388
-1.4303881097186082,0.0462099224331494,-1.211373242015184,-3.266998016299199,-1.4896819875935583,-2.381570545199827
-1.430304992209252,0.0462930371720858,-1.2113532452824298,-3.2671730551492493,-1.489652422233048,-2.381551782947928
-1.4302737644488626,0.0463242638916105,-1.2113457323867254,-3.267238818323704,-1.489641314344939,-2.381544733854286
-1.4302692252939078,0.0463288028952688,-1.2113446403392223,-3.2672483774222583,-1.4896396997422674,-2.381543709223383
