tau1,tau2,tau3,tau4,tau5,tau6
0.0,-139.19833850856392,-25.55556533605995,5.16571232776672,3.885780586188048e-16,8.881784197001252e-16
-2.290859114275184,-138.4961985384094,-25.30680318773337,5.1720761736817265,0.0021954763400311708,-0.0017019067884531847
-4.442558052942094,-137.83435683952627,-25.072347274184196,5.177957915681676,0.004257931964477653,-0.0033005839404872425
-6.457180844424183,-137.20946922315582,-24.850975187706663,5.183248033652325,0.006190175215907346,-0.004797940275990189
-8.336439491329319,-136.61799827179195,-24.641338294175537,5.187818571769316,0.007995066491914088,-0.006195786570083767
-10.081771467150935,-136.05628308099216,-24.442000964198847,5.191528519972359,0.009675511452291148,-0.007495859818010587
-11.694426564270827,-135.52060046722835,-24.251475673991447,5.194228589599722,0.011234455857591892,-0.008699843958533886
-13.175543636151982,-135.0072181844232,-24.068254192765018,5.195765419103967,0.012674881961842093,-0.009809387228211055
-14.526217852070035,-134.51244076446108,-23.890835084189312,5.195985249272465,0.013999806256441788,-0.010826116430183942
-15.74755913248286,-134.03264864293308,-23.717747755785698,5.194737109613613,0.015212278272314271,-0.011751648477602617
-16.840742460244083,-133.5643312537924,-23.54757329240168,5.191875558645884,0.016315380089019896,-0.012587599617882526
-17.807050770132776,-133.10411477829834,-23.37896230855871,5.187263020839718,0.017312226169107173,-0.01333559276529668
-18.647911109253474,-132.6487852173435,-23.210650049852287,5.180771762011029,0.01820596312950232,-0.013997263369830778
-19.364924736331453,-132.19530742462783,-23.04146896611166,5.172285543155402,0.01899976907615234,-0.0145742642340446
-19.959891791291525,-131.74084069376946,-22.87035896910811,5.161700990164211,0.01969685215997257,-0.015068269660327559
-20.434831120231554,-131.28275143790546,-22.696375575679497,5.148928713703389,0.020300448058535266,-0.01548097927125449
-20.79199578737703,-130.81862343815666,-22.518696123665094,5.133894209901966,0.020813816145841685,-0.015814121798935734
-21.0338847471509,-130.34626606997676,-22.336624233485583,5.116538568533538,0.021240234179763978,-0.01606945908684446
-21.16325108832145,-129.86372084623306,-22.14959267301674,5.096819011222981,0.021582991410283355,-0.01624879049225691
-21.183107200376014,-129.36926654511126,-21.95716476804578,5.074709278020725,0.02184538008986066,-0.01635395782017718
-21.096727151725077,-128.86142312167124,-21.7590344854896,5.050199876591801,0.02203068544742495,-0.016386850862220803
-20.90764651179282,-128.33895453598632,-21.55502530209412,5.023298204399495,0.02214217426769981,-0.016349413557331806
-20.61965979601981,-127.80087056994579,-21.345087957872003,4.994028550736434,0.022183082295536786,-0.016243650736594315
-20.236815665578625,-127.24642765042175,-21.129297181383016,4.962431982373691,0.022156600758506024,-0.01607163536265412
-19.76340997324229,-126.67512864978498,-20.907847463361673,4.928566114039736,0.022065862367602537,-0.015835516126311344
-19.20397671414968,-126.08672159661927,-20.681047946347164,4.892504762971896,0.02191392721331356,-0.015537525219517321
-18.563276915737067,-125.48119720058563,-20.449316490999493,4.8543374854421675,0.021703769020118346,-0.015179986066237529
-17.84628548514955,-124.85878507611127,-20.21317297475706,4.814168992467838,0.021438262253809234,-0.0147653207612907
-17.058176025060927,-124.21994854004073,-19.97323187541824,4.772118441873754,0.021120170591310407,-0.014296056942930875
-16.204303629828104,-123.56537785844397,-19.73019419104945,4.728318604452212,0.020752137259254757,-0.013774833808966335
-15.290185682863422,-122.8959818270321,-19.484838748230807,4.682914903126057,0.020336677724165617,-0.013204406978614372
-14.321480692393788,-122.21287758745378,-19.238012952879217,4.6360643256976415,0.019876175172941584,-0.012587651904287702
-13.303965225566213,-121.51737860729723,-18.990623041531133,4.587934213884182,0.019372879156601058,-0.011927565549321565
-12.243509029146939,-120.81098078384909,-18.743623895771485,4.538700933802581,0.018828907684277484,-0.011227266069403418
-11.146048457715953,-120.09534666937056,-18.49800848817903,4.488548435776782,0.018246252949435694,-0.01048999026755651
-10.017558366010151,-119.37228785749097,-18.25479703441622,4.437666714180316,0.01762679074901461,-0.009719088634218262
-8.864022659585586,-118.64374561485778,-18.015025932599364,4.386250180891879,0.01697229352279823,-0.008918017835094804
-7.691403735861702,-117.91176988789873,-17.77973657751409,4.334495968705001,0.016284446799028032,-0.00809033056864432
-6.5056110844800195,-117.17849685993566,-17.549964143266365,4.28260218359888,0.015564868689264873,-0.007239662781404175
-5.312469350388937,-116.44612527740202,-17.326726433262174,4.230766127028021,0.014815131936954678,-0.006369718300893491
-4.11768619385059,-115.71689180413097,-17.11101290070094,4.179182511243483,0.014036787896704692,-0.005484251020585147
-2.926820307448576,-114.99304569820194,-16.90377394577585,4.128041692029486,0.013231391711949472,-0.004587044847292847
-1.7452499700995672,-114.27682313548651,-16.705910597278375,4.077527944070277,0.012400527873883602,-0.0036818916954075975
-0.5781425311328015,-113.57042152672778,-16.518264686112207,4.027817804405142,0.011545835289859523,-0.0027725678824605865
0.5695747769938482,-112.87597418991925,-16.341609616204646,3.979078509059842,0.010669030969816258,-0.0018628093432287631
1.6932423013094162,-112.19552574628118,-16.17664183437445,3.9314665469583794,0.0097719314574473,-0.0009562861329803565
2.7884933210662286,-111.53100860593011,-16.023973094856625,3.8851263536316667,0.00885647119011022,-5.657673133786616e-05
3.851276924495111,-110.88422089829201,-15.884123606423634,3.8401891650873514,0.0079247170669813,0.0008328573148331997
4.877878070631699,-110.25680618260128,-15.757516140477556,3.796772049538857,0.006978878635905487,0.0017086958604113685
5.864934531977446,-109.65023524590245,-15.644471167264808,3.7549771315801275,0.0060213134698913606,0.0025677831998654524
6.809450455323334,-109.06579026050075,-15.545203074683531,3.7148910199176868,0.0050545274882680775,0.0034071491545706344
7.70880632556512,-108.50455153072724,-15.459817510262274,3.676584446026652,0.0040811701751981835,0.004224027730766099
8.560765169686487,-107.96738701129806,-15.38830987207309,3.640112117178238,0.003104024850995312,0.005015872925591627
9.36347489404668,-107.45494472774594,-15.330564958917074,3.605512783301548,0.002125994348144863,0.005780371329120893
10.115466706350384,-106.96764817477917,-15.28635777442706,3.5728095131912347,0.001150082624609416,0.006515451251647972
10.815649632795829,-106.5056947124623,-15.255355464112409,3.5420101717589163,0.0001793730027514484,0.007219288195177491
11.463301199486686,-106.06905692431786,-15.23712034917876,3.5131080864477138,-0.0007829961558673158,0.007890306582208535
12.0580544038603,-105.65748684729196,-15.231114006517384,3.48608288766983,-0.0017338574460513028,0.008527177749544382
12.599881155326326,-105.27052293243327,-15.236702330894794,3.460901505270301,-0.002670041150382746,0.009128814306531065
13.089072413316,-104.90749954837433,-15.253161503354862,3.437519300625662,-0.0035884017748839606,0.009694361042029136
13.526215294472705,-104.56755879842768,-15.279684779415941,3.415881312110969,-0.004485843501827286,0.010223182639391988
13.912167457897414,-104.24966438724056,-15.315390001988108,3.395923590343903,-0.005359343755214831,0.010714848521333874
14.248029107544905,-103.95261724520404,-15.359327737184225,3.3775745988644847,-0.006205974188480127,0.011169115195042576
14.535112973612762,-103.67507259865923,-15.410489926425893,3.360756655733866,-0.007022918542364663,0.011585906500958983
14.774912649886641,-103.4155581615887,-15.46781894546177,3.3453873919239183,-0.007807486974284163,0.011965292186636658
14.969069671548056,-103.17249311987757,-15.530216960070891,3.331381203290829,-0.008557126620787905,0.012307465230193526
15.11933971820359,-102.94420758207919,-15.596555469206649,3.3186506743360558,-0.009269428312370095,0.012612718327658985
15.22755832036679,-102.72896218036384,-15.665684928978973,3.3071079537967583,-0.009942129507570134,0.012881419937108009
15.295606435034722,-102.5249675212287,-15.73644435495952,3.296666064304419,-0.010573113644494704,0.013113990241677639
15.325376238252034,-102.33040320661043,-15.807670805556098,3.2872401308205625,-0.011160406217315432,0.01331087735666022
15.318737460697928,-102.14343617119724,-15.878208655349525,3.278748515213398,-0.011702167970338436,0.013472534064833414
15.27750456753812,-101.9622381097089,-15.946918573979614,3.2711138470799423,-0.012196685660940341,0.013599395322086736
15.203405057302847,-101.78500179742227,-16.012686133075114,3.2642639436467102,-0.012642360875889203,0.013691856734180882
15.098049127681575,-101.60995613688947,-16.074429970479805,3.258132614197747,-0.013037697394778325,0.013750254167356708
14.962900930150223,-101.43537979230078,-16.13110944729444,3.2526603468845012,-0.013381287582466744,0.01377484462183184
14.799251611532387,-101.25961329897372,-16.181731738685983,3.247794877877134,-0.013671798263218331,0.013765788469376518
14.608194320106413,-101.08106955780713,-16.225358303702237,3.243491644536472,-0.013907956486819117,0.013723133134642084
14.390601337777298,-100.89824264213837,-16.261110682186647,3.239714125549655,-0.01408853554557836,0.013646798285117525
14.147103489039452,-100.7097148563688,-16.288175568075133,3.236434071718835,-0.014212341544522087,0.013536562586720546
13.878071972706618,-100.51416199123635,-16.305809107680577,3.233631631276687,-0.014278200769297367,0.01339205208019261
13.583602764203366,-100.31035671922072,-16.313340368898956,3.2312953731965965,-0.014284948039753694,0.013212730238013653
13.263503744909341,-100.0971700649559,-16.31017392252551,3.229422210955945,-0.01423141618453267,0.012997889770985023
12.917284730701647,-99.8735708696858,-16.29579147004947,3.2280172276042793,-0.014116426724677849,0.01274664626770941
12.5441505942657,-99.63862314592689,-16.269752443455637,3.227093400810193,-0.013938781812984885,0.012457933768002038
12.142997704542378,-99.39148118905982,-16.23169349183906,3.2266712238490043,-0.01369725744115219,0.01213050239182979
11.712413941176404,-99.13138227727242,-16.181326757231677,3.226778215314099,-0.013390597897943689,0.011762918168197627
11.25068258115962,-98.85763675102221,-16.1184368282173,3.2274483067591597,-0.013017511438632931,0.01135356523226291
10.755790397927857,-98.56961521911654,-16.04287624500003,3.228721093603194,-0.012576667107092461,0.010900650583727913
10.225440358717387,-98.26673259189751,-15.95455941397854,3.2306409305607775,-0.012066692637056106,0.010402211623882503
9.657069352601754,-97.94842859428594,-15.853454773992638,3.233255848718186,-0.011486173346411046,0.009856126712328557
9.04787142781532,-97.6141443640846,-15.739575040719359,3.2366162672909664,-0.010833651927765796,0.009260129006702545
8.394827061152782,-97.26329469548622,-15.612965340695443,3.240773469212427,-0.010107629028865528,0.008611823868952472
7.694739022843528,-96.89523544570523,-15.473689032641515,3.2457778061585874,-0.009306564507961,0.007908710139377861
6.944275435805273,-96.50922558547839,-15.321811001668125,3.251676595566209,-0.008428879242053221,0.007148205594804045
6.140020657116157,-96.10438334319545,-15.157378202058865,3.258511669793616,-0.007472957360767905,0.006327676918696106
5.27853463059119,-95.6796358687965,-14.980397217139046,3.2663165359647053,-0.006437148777245611,0.00544447451971242
4.35642137130049,-95.23366182828664,-14.79080860070847,3.2751131043706008,-0.005319771891427353,0.004495972540282026
3.3704072446852984,-94.76482633359782,-14.588457764096033,3.2849079437333164,-0.0041191163536187445,0.0034796143989405393
2.317429693677555,-94.2711076162404,-14.373062176513404,3.2956880233091983,-0.002833445799964235,0.0023929642097349655
1.1947370460327886,-93.75001486732795,-14.144174654485349,3.307415904889584,-0.0014610005106470284,0.001233764419517288
0.0,-93.19849669182712,-13.901142529209793,3.320024352410435,-1.1657341758564144e-15,1.7763568394002505e-15
0.4208506129698768,-93.44162098263885,-13.83342806778956,3.3978362728315954,-0.00028167283721374913,0.0012626825810629445
0.816272345410952,-93.67198519869497,-13.769401868889979,3.470667390073418,-0.0005460444408984114,0.00244884820506118
1.1869664110830935,-93.89166366650721,-13.708547106091048,3.538361104487082,-0.000792924453891658,0.0035600802797759873
1.5337235701914376,-94.10255025781089,-13.65033244955064,3.600771690639057,-0.001021854973617271,0.004597972856193695
1.8574003414339546,-94.3063744159086,-13.594221020026618,3.6577648553125,-0.0012321808081368535,0.005564127611446862
2.158897611083888,-94.50471534018854,-13.539678292448066,3.7092181141425153,-0.0014231123519607048,0.0064601510184965705
2.439141515334073,-94.6990144757837,-13.486178992048346,3.7550210099465584,-0.0015937814616284695,0.007287651691334373
2.6990664744846407,-94.89058646873625,-13.433213041645669,3.795075197575908,-0.0017432907377623018,0.008048237906402965
2.939600259534801,-95.08062875397857,-13.380290629306455,3.8292944209251916,-0.0018707566376274143,0.008743515308972586
3.1616509736783085,-95.27022994492842,-13.326946472097479,3.8576044076997738,-0.0019753468510333863,0.009375084818127818
3.3660958334041555,-95.46037719046001,-13.272743354606874,3.87994270675524,-0.002056312372963915,0.00994454074622815
3.5537716366044783,-95.6519626582536,-13.217275020998114,3.896258491391923,-0.0021130146993057555,0.01045346914921552
3.72546680844789,-95.84578929379369,-13.160168497112284,3.906512350012793,-0.002144948558007471,0.010903446423131952
3.8819149198564395,-96.04257599224738,-13.101085915041644,3.9106760831334184,-0.0021517605678658307,0.011296038160336166
4.023789578213339,-96.24296230670598,-13.039725907107446,3.9087325229680445,-0.0021332641917769426,0.011632798276136435
4.151700595335438,-96.44751280137214,-12.975824629677813,3.9006753888026733,-0.0020894513217320177,0.011915268413793064
4.266191343614881,-96.6567211426953,-12.909156470106444,3.8865091881953453,-0.0020205008003032193,0.012144977632535013
4.367737217366757,-96.87101400564175,-12.839534482558948,3.8662491708056312,-0.001926784148960416,0.012323442380034438
4.456745122580853,-97.0907548566117,-12.766810590887411,3.8399213384297446,-0.001808868738456894,0.012452166747577445
4.533553924218685,-97.31624765932135,-12.690875589237104,3.807562511684776,-0.0016675186020039994,0.012532643003062166
4.59843578567474,-97.54774053553355,-12.611658963912033,3.7692204508091725,-0.001503693058881862,0.01256635239372789
4.651598339805694,-97.7854293991045,-12.52912855334485,3.724954025295818,-0.001318543285821711,0.012554766207626956
4.693187634821331,-98.02946156961261,-12.443290056937828,3.674833424598417,-0.0011134069466351365,0.01249934707974528
4.723291801166557,-98.27993936101997,-12.354186398162556,3.618940399998731,-0.000889800967880439,0.012401550525679629
4.741945387194485,-98.536923631521,-12.261896942703409,3.5573685259327013,-0.0006494125307717757,0.012262826682730408
4.749134311878369,-98.80043727305835,-12.166536568647155,3.4902234676731565,-0.0003940883371838697,0.012084622235166539
4.744801382037019,-99.07046861299418,-12.06825458279704,3.4176232412782177,-0.0001258222008755092,0.011868382497248949
4.7288523196143,-99.34697469615897,-11.967233475123816,3.3396984511511643,0.0001532589857434776,0.011615553624383965
4.701162241575528,-99.62988441295967,-11.863687502160765,3.2565924904179586,0.00044091085412967896,0.011327584919539094
4.661582531132589,-99.91910143839452,-11.757861089775249,3.1684616896114566,0.0007347886659761905,0.011005931198898908
4.609948034502566,-100.21450694762966,-11.650027046174667,3.075475399837071,0.0010324658424348183,0.010652055177703849
4.546084512497758,-100.51596207616855,-11.540484577175752,2.977815997663346,0.001331453815284443,0.010267429834323999
4.4698162712224745,-100.82331009645875,-11.429557097627178,2.875678800396834,0.0016292230754044513,0.009853540708327412
4.380973891317372,-101.13637828789984,-11.317589835353095,2.7692718821274203,0.0019232252670977965,0.009411888086279904
4.279401970852156,-101.45497948345782,-11.204947227000797,2.6588157829200556,0.0022109161483993074,0.008943989027846573
4.164966793424871,-101.7789132832581,-11.092010108643317,2.5445431057288976,0.002489779207847568,0.008451379184428044
4.037563830562159,-102.10796693340158,-10.979172707812845,2.426697997964901,0.002757349699423375,0.007935614363166588
3.8971249863808266,-102.44191587657575,-10.866839447724072,2.305535517098494,0.0030112388297377684,0.007398271791012637
3.743625492876806,-102.78052398956575,-10.755421578687466,2.181320882160414,0.0032491578071647243,0.006840951036613383
3.5770903663104345,-103.12354353123814,-10.64533365600235,2.054328615459117,0.003468941442117334,0.006265274552187734
3.3976003390567313,-103.47071483270379,-10.536989887854357,1.924841581198812,0.003668570972491366,0.005672887803451966
3.205297187022573,-103.8217657689099,-10.430800380815999,1.7931499299016327,0.0038461957795151427,0.005065458962700816
3.000388380268084,-104.17641105760731,-10.32716731435746,1.6595499595604792,0.004000153657442134,0.0044446781486566405
2.7831509937115273,-104.53435143726448,-10.226481079221296,1.524342906225611,0.004128989306840102,0.003812256206097372
2.553934825585599,-104.89527277985513,-10.12911641750448,1.38783367822194,0.004231470735712349,0.0031699230287815182
2.313164683429955,-105.25884519737541,-10.035428604745332,1.250329549372032,0.00430660327565455,0.0025194254400249414
2.061341810582091,-105.62472220231484,-9.945749716151434,1.1121388274388952,0.004353640951754676,0.0018625246565128206
1.799044440056198,-105.99253998206791,-9.860385020274292,0.9735695144912753,0.004372094984219069,0.0012009933721666992
1.526927477039553,-106.361916845389,-9.779609543884785,0.8349279760261477,0.004361739246311609,0.0005366125093739699
1.2457213256297097,-106.73245289551302,-9.703664851501868,0.696517635462946,0.004322612555934691,-0.0001288323052426389
0.9562298895235783,-107.10372997957393,-9.632756081960329,0.5586377100668017,0.004255017735902579,-0.0007935544748903349
0.6593277897964197,-107.47531195759463,-9.567049282571938,0.4215820034831099,0.004159517438965347,-0.0014557703037527939
0.3559568553420127,-107.84674532678218,-9.506669078858403,0.28563776890228254,0.004036926796278724,-0.00211370292750825
0.04712195268080244,-108.21756022837918,-9.451696714549554,0.15108465545482802,0.003888303010674349,-0.00276558622215268
-0.26611376858014024,-108.5872718551466,-9.402168492596306,0.018193748803765203,0.003714932076539688,-0.0034096686092790185
-0.5826341305481253,-108.95538226798313,-9.358074643410983,-0.11277328490587632,0.0035183128648194283,-0.004044216677016846
-0.901275592149674,-109.32138262051245,-9.319358641497272,-0.2415649445150949,0.003300138862599345,-0.0046675185392924265
-1.2208332307478476,-109.68475578099196,-9.28591698615369,-0.36794052352846995,0.003062277900788014,-0.005277886861330435
-1.5400669447259965,-110.04497933191325,-9.257599456124444,-0.4916706208460333,0.0028067502385067606,-0.005873661486632929
-1.8577077818024064,-110.40152891943173,-9.234209842033763,-0.6125375314402554,0.0025357053987329287,-0.006453211609306533
-2.1724643001447865,-110.75388191752532,-9.215507154269721,-0.7303355178647514,0.0022513981650737185,-0.007014937445638759
-2.4830288735310084,-111.10152136573828,-9.201207297788576,-0.844870965389594,0.0019561641543017335,-0.00755727136987632
-2.788083857683109,-111.44394013465383,-9.190985199183606,-0.9559624253447221,0.0016523953733611043,-0.008078678490513714
-3.0863075422799433,-111.78064526997045,-9.18447736539561,-1.063440552889249,0.0013425161532521395,-0.00857765665535607
-3.3763798217865166,-112.11116246425236,-9.181284847715297,-1.1671479468863428,0.0010289598263930543,-0.009052735885285754
-3.6569875278618693,-112.43504060507992,-9.180976579312043,-1.2669389008342764,0.0007141464795083845,-0.009502477248081188
-3.9268293764383135,-112.7518563493591,-9.183093049476385,-1.3626790748726885,0.000400462072403539,-0.009925471194443657
-4.184620493310489,-113.06121867583013,-9.187150273129639,-1.454245099743066,9.023916551194767e-05,-0.010320335388450744
-4.4290964929354395,-113.36277337117514,-9.192644009963788,-1.5415241242356463,-0.00021426055258384974,-0.010685712073682395
-4.659017095834097,-113.6562074093353,-9.19905418384715,-1.6244133181073463,-0.0005108618001985034,-0.011020265024374507
-4.873169280214432,-113.94125318846677,-9.205849449867438,-1.702819342717548,-0.0007974892171826228,-0.01132267613781777
-5.070369972938897,-114.21769259511649,-9.212491853582236,-1.7766578017185175,-0.0010721788290891003,-0.011591641730008114
-5.249468293482395,-114.48536087038947,-9.218441524684426,-1.8458526840721896,-0.0013330874808449526,-0.01182586860115854
-5.409347371843244,-114.7441502578266,-9.223161345345993,-1.9103358114694489,-0.0015785003051207044,-0.012024069941146154
-5.548925767278082,-114.99401341712763,-9.226121531945884,-1.9700463019261494,-0.001806836329833526,-0.012184961147371675
-5.667158519055941,-115.2349665914634,-9.226804067678303,-2.0249300609461356,-0.0020166523609633567,-0.01230725562878884
-5.763037863026202,-115.46709251869899,-9.224706922647782,-2.0749393112033467,-0.0022066453004038486,-0.012389660670209192
-5.835593648559838,-115.6905430781635,-9.219347997439595,-2.1200321712250774,-0.0023756530726603874,-0.012430873430325708
-5.8838934892782575,-115.9055416645016,-9.210268725789161,-2.160172293080918,-0.002522654339004412,-0.01242957714540608
-5.907042677894006,-116.11238527849488,-9.197037271819454,-2.1953285686158894,-0.002646767172104131,-0.012384437608112683
-5.904183890451053,-116.31144632146969,-9.17925125735412,-2.2254749133289957,-0.0027472468488565034,-0.012294099987799028
-5.8744966983165465,-116.5031740749921,-9.156539955024892,-2.250590136601981,-0.002823482894098103,-0.012157186054556976
-5.817196897521769,-116.68809584101719,-9.128565883256572,-2.2706579066361496,-0.0028749954735050424,-0.011972291864605892
-5.7315356546154,-116.86681770958423,-9.095025739723807,-2.2856668181609834,-0.00290143119122187,-0.01173798595920745
-5.616798456245524,-117.04002491164648,-9.055650610514435,-2.295610570736489,-0.0029025582976726465,-0.011452808123271473
-5.472303836469287,-117.2084817038799,-9.010205392999069,-2.300488265276186,-0.002878261256486469,-0.011115268743263622
-5.297401841566872,-117.37303072049174,-8.958487371267623,-2.3003048262596697,-0.0028285345584815524,-0.01072384879704748
-5.091472177255306,-117.53459171440784,-8.90032388392943,-2.295071556972936,-0.0027534756065858658,-0.01027700050097751
-4.853921968037672,-117.69415959695883,-8.835569025034287,-2.284806834991817,-0.0026532764303232887,-0.009773148632160828
-4.584183043437652,-117.85280167156456,-8.764099319787892,-2.269536954996984,-0.002528213924563579,-0.009210692536439276
-4.281708651556301,-118.01165394315785,-8.685808317512542,-2.2492971258583703,-0.0023786382464115784,-0.008588008825692927
-3.9459694873206237,-118.17191637137695,-8.600600044806416,-2.2241326287351972,-0.0022049589493998386,-0.007903454761667504
-3.576448911582553,-118.33484692206481,-8.508381261901544,-2.1941001426932134,-0.0020076283877516615,-0.007155372318441612
-3.172637228570835,-118.50175425843072,-8.409052464590477,-2.159269244024427,-0.001787121888572806,-0.006342092911776011
-2.734024883830227,-118.67398890039577,-8.302497572490303,-2.1197240850596137,-0.001543914168961768,-0.005461942782159297
-2.260094443518636,-118.85293266811985,-8.1885722415051,-2.07556525777772,-0.0012784514714758272,-0.004513249019473032
-1.7503112196440556,-119.03998621335664,-8.06709073370539,-2.0269118469310943,-0.0009911189082425118,-0.0034943462217802454
-1.2041124154592835,-119.23655442992917,-7.937811271007025,-1.973903676710097,-0.0006822025443051193,-0.002403583789761857
-0.6208946818223038,-119.444029521957,-7.800419789434552,-1.9167037541508465,-0.00035184581868753583,-0.0012393338724155437
0.0,-119.66377149521253,-7.6545119978079015,-1.8555009115196697,3.3306690738754696e-16,0.0
-2.0348525737898457,-122.72786386361697,-8.915649306174382,-2.001054733230977,-0.0009207213560602027,-0.001889016495955294
-3.9471751703477627,-125.61193789587949,-10.102442258386546,-2.1369301271034997,-0.0017843664209773158,-0.003663756573200749
-5.741342948153369,-128.32431374348735,-11.2179011502275,-2.262526482855792,-0.0025890882592605703,-0.005327046077564439
-7.42264963398541,-130.87228693465892,-12.264473488073762,-2.3773120736569524,-0.0033315498211137543,-0.0068819505156237845
-8.997058077484716,-133.26229243858543,-13.24415119144907,-2.4808191934511252,-0.00400729708561595,-0.008331704998069447
-10.470972478355064,-135.5000501833213,-14.158566943938705,-2.572639579575348,-0.004611080877304719,-0.009679647296335055
-11.851030953332435,-137.5906938976831,-15.009080382060038,-2.652420192178071,-0.005137130225999488,-0.010929153813963921
-13.143917371231002,-139.53888495124687,-15.79685481930057,-2.7198593981286425,-0.005579381742317239,-0.01208357868626803
-14.3561915337861,-141.34891271771022,-16.52292521038016,-2.7747035902860047,-0.00593167063224235,-0.013146196504143436
-15.494136860985495,-143.0247828675776,-17.188258063570977,-2.8167442607213378,-0.0061878897095455935,-0.014120149334553949
-16.563624791343283,-144.57029488986987,-17.79380400183843,-2.845815536724154,-0.006342123119497633,-0.015008398803104993
-17.569995162447196,-145.98911003570512,-18.340543652943758,-2.8617921795359313,-0.006388761495290522,-0.01581368403243415
-18.517951918808304,-147.28481075909485,-18.829527512119853,-2.86458803653935,-0.006322604966521987,-0.016538486209925447
-19.411473617013954,-148.46095259601918,-19.26191036764382,-2.85415492729297,-0.0061389598659295375,-0.01718500050279725
-20.253738367645198,-149.52110926952807,-19.638980810176186,-2.8304819319434777,-0.005833734177015202,-0.017755115956778908
-21.047063066036543,-150.4689116376621,-19.962186263096832,-2.7935950371741995,-0.005403535773744616,-0.01825040391357379
-21.79285700884796,-151.30808091689673,-20.23315387639868,-2.743557080307781,-0.004845776367877998,-0.01867211536520686
-22.49159025354718,-152.04245642371876,-20.453707525157597,-2.680467917173666,-0.004158782843024857,-0.019021187532214965
-23.14277733154855,-152.67601788984032,-20.625881050094726,-2.6044647248484507,-0.0033419163617647843,-0.019298259806408917
-23.74497714822822,-153.21290223271592,-20.751927777721683,-2.5157223376169435,-0.002395698326959581,-0.019503699037405293
-24.295810068348604,-153.65741451319462,-20.834326266702725,-2.414453504877296,-0.0013219410046541053,-0.019637633963033137
-24.791993268126404,-154.01403269691298,-20.875782151079513,-2.3009089547254704,-0.0001238794176673247,-0.019699998386520066
-25.229395412105333,-154.2874057650826,-20.879225895281007,-2.1753771480866764,0.0011936999608312439,-0.01969058248837202
-25.60311156511042,-154.48234470183456,-20.847806245200957,-2.0381836168484115,0.002624339102666738,-0.019609091429208643
-25.907558963631487,-154.603805925192,-20.78487915798102,-1.889689796551195,0.0041598030146336555,-0.01945521015668467
-26.13659384124548,-154.65686683037327,-20.693992023190702,-1.7302912903953986,0.005789995604906107,-0.01922867307975288
-26.28364893216684,-154.64669327751415,-20.578863051034844,-1.5604155366143515,0.0075029036104997116,-0.018929337027304736
-26.341890578637646,-154.57849907762366,-20.443355798453297,-1.380518894844625,0.009284575271256023,-0.01855725567535675
-26.304393564999838,-154.45749780347825,-20.291448928940845,-1.1910832173270498,0.011119140015996846,-0.01811275342107684
-26.16433092774588,-154.2888475653468,-20.12720145195557,-0.9926120249638988,0.01298887467569043,-0.017596496517134394
-25.915175090114005,-154.0775897305591,-19.954713856179694,-0.7856264628921371,0.01487432066045896,-0.01700955917072957
-25.550905793499105,-153.82858291365295,-19.77808572904175,-0.5706612609437194,0.01675445514791176,-0.016353482272612296
-25.066219503378704,-153.54643390050694,-19.6013706326316,-0.3482609662062074,0.01860691766203277,-0.015630322465097463
-24.456734314315,-153.235427474605,-19.428529172234178,-0.11897674268107827,0.020408291522265063,-0.014842689394592153
-23.719183925041957,-152.89945736535137,-19.263381336602496,0.1166359582140083,0.022134437573831045,-0.013993769229664674
-22.851594052824513,-152.54196071739773,-19.109559297635816,0.3580185671050401,0.023760875450617926,-0.013087332861634356
-21.853434747699836,-152.16585856911252,-18.970461921491168,0.6046091577168773,0.02526320545857547,-0.012127727636847939
-20.725742478382294,-151.77350481448815,-18.849212255660923,0.8558406194357424,0.026617562098490276,-0.011119851987969429
-19.471206600277956,-151.36664599800648,-18.748619212500202,1.1111371559394416,0.02780108837197078,-0.010069112919339412
-18.094215868631757,-150.94639405449425,-18.67114456795321,1.369909141858341,0.028792418434181725,-0.008981366936329511
-16.6008619902648,-150.51321376068674,-18.618876237640738,1.631546503358312,0.029572154963326196,-0.007862845663376184
-14.998898757896336,-150.06692622376494,-18.593508587843704,1.8954109303446078,0.030123326892099848,-0.0067200680388720055
-13.29765700482208,-149.60672921254297,-18.596330296756257,2.1608273670839955,0.030431812952146444,-0.0055597415741296344
-11.507917363399757,-149.13123456267886,-18.628220015219085,2.4270753526338513,0.030486716860820464,-0.004388655684748881
-9.641744508671746,-148.6385222856397,-18.68964980153246,2.693380880533611,0.030280680943864224,-0.0032135705149292787
-7.712288117913322,-148.12621041177889,-18.780696038273256,2.9589095076134244,0.029810126524281746,-0.00204110495157739
-5.733557084194157,-147.59153903054658,-18.901057296113446,3.2227614554167556,0.029075411473047666,-0.0008776276449062865
-3.720174508097745,-147.0314664835271,-19.050078404394792,3.4839694086285005,0.028080897839343786,0.00027084519666243463
-1.687121598708021,-146.44277524279175,-19.22677983146314,3.7414996210314038,0.026834925359598465,0.0013987416899193404
0.35052118867868726,-145.82218468679704,-19.429891376309584,3.9942567933482347,0.025349689766376866,0.002501012676670902
2.3778276675134924,-145.16646778093772,-19.65788912912358,4.2410929959407575,0.02364102804725398,0.0035731940108080637
4.380266580520613,-144.47256858499824,-19.909034669524925,4.480820684057387,0.021728115997603034,0.004611450758366843
6.34392283570393,-143.73771754309982,-20.181415530824317,4.712229608950517,0.019633086427942984,0.005612602079455458
8.255693943503626,-142.95954165472216,-20.472986056533205,4.934107181816662,0.01738057909148663,0.006574126353205782
10.103457645675636,-142.13616686394997,-20.781607899046197,5.145261617088299,0.014997235671162196,0.007494146907119493
11.876208164098855,-141.266310320202,-21.105089546521608,5.344546984347359,0.012511154909894882,0.008371399478006001
13.564159913228547,-140.3493605369132,-21.441224399461323,5.530889148986922,0.0099513241125585,0.009205183224314408
15.158818827777761,-139.3854438838773,-21.78782704198229,5.703311492084022,0.007347043752398417,0.00999529769509291
16.653022587795864,-138.37547627396427,-22.142767455639373,5.860959276521968,0.004727361770943048,0.010741968612282363
18.04095192742307,-137.32119932760563,-22.504003000616837,6.0031215708420405,0.0021205333923024813,0.011445765623409805
19.318115864859408,-136.22520070370317,-22.869608038510385,6.1292497510214945,-0.00044647906607118634,0.012107515321955772
20.4813140858898,-135.0909186618799,-23.237801094583087,6.238971765009266,-0.002948453734565846,0.012728212815604052
21.528579868651732,-133.92263126031744,-23.60696946005811,6.332101553112196,-0.0053622936555956235,0.013308934957593445
22.45910688689142,-132.72543089115686,-23.975691123565117,6.408643254184007,-0.007667340243295384,0.013850758063088553
23.27316301795281,-131.5051851098283,-24.342753903289243,6.46879007660525,-0.009845610471431586,0.014354682534855575
23.97199396135523,-130.26848492608374,-24.70717163576598,6.5129179578764225,-0.011881955220434285,0.014821566349180597
24.557719095614658,-129.0225818948136,-25.068197270859166,6.541574362224707,-0.01376413883713705,0.01525206883457497
25.033221612174728,-127.77531547656075,-25.42533273084342,6.555462759338113,-0.015482842405488001,0.015646605642442662
25.40203460500818,-126.53503223396935,-25.778335418143314,6.55542347979578,-0.01703159540832134,0.01600531528847102
25.668224491287447,-125.31049849402025,-26.12722130218957,6.5424117482354545,-0.01840664231310062,0.016328037160655992
25.836272909702593,-124.11080813935072,-26.472264579738905,6.517473751806285,-0.019606752094392922,0.016614300463642664
25.910958094686176,-122.94528719742615,-26.8139939814863,6.481721610530277,-0.020632979790054958,0.016863323214434067
25.897236653460904,-121.82339687574918,-27.15318588590273,6.4363080823642065,-0.02148838987479174,0.017074020128704268
25.80012666746419,-120.75463664649445,-27.490854492984077,6.382401765861515,-0.022177751540620554,0.01724501804408901
25.624593084302422,-119.74844891685674,-27.828239399631855,6.321163465744281,-0.022707215930903683,0.017374677414269797
25.3754364426088,-118.81412673411538,-28.166790998559584,6.253724270483838,-0.023083985026880145,0.0174611183703427
25.057186061558482,-117.96072586941268,-28.508154188482656,6.181165765200284,-0.02331598128493917,0.017502249873551073
24.673998912776202,-117.19698250428284,-28.854150930551363,6.1045026761954055,-0.023411526324892885,0.017495800567128964
24.229565461460272,-116.53123761207021,-29.206762211469453,6.024668122431867,-0.02337903603010803,0.017439350060595386
23.72702380617114,-115.97136898567685,-29.5681099758368,5.942501539980084,-0.023226738392293,0.01733035953709581
23.168883457221646,-115.5247317166107,-29.940439568648,5.8587392519264325,-0.022962419364139112,0.017166200751094377
22.5569600700158,-115.19810778078157,-30.326103184415793,5.774007580849541,-0.02259320091093542,0.01694418267023002
21.892322393058333,-114.99766523615926,-30.72754475393254,5.688818344526828,-0.022125354408124263,0.016661575203262394
21.175252603969216,-114.9289273878195,-31.14728661580506,5.603566537447843,-0.021564151537007793,0.016315629638838643
20.405221095362435,-114.99675212793458,-31.587918220709554,5.5185299792635005,-0.020913753897298704,0.015903595593807926
19.58087664123126,-115.20532151208427,-32.052087005203525,5.433870703930423,-0.020177141688178774,0.015422734430414003
18.70005272898504,-115.55814148849618,-32.54249145248433,5.349637866894318,-0.019356081007860314,0.014870329249818801
17.759790687879928,-116.05805155282154,-33.06187623332826,5.26577195881777,-0.018451128580767848,0.0142436917021599
16.756380086398885,-116.70724395719773,-33.613029195265256,5.182110129715075,-0.01746167203634151,0.01354016597309683
15.68541671442057,-117.5072919585431,-34.19877984560122,5.098392443790351,-0.01638600323114658,0.012757130412131775
14.541878316412687,-118.4591864481447,-34.82199885806095,5.014268900134616,-0.0152214215286703,0.011891997360140752
13.320218106114236,-119.56338016501797,-35.48559802770209,4.929307065738199,-0.013964363439613112,0.010942211810502431
12.014475979521393,-120.81983856362844,-36.1925300087366,4.843000173868913,-0.012610554600926064,0.009905249598984794
10.618407262075339,-122.22809628922789,-36.94578709979962,4.754775542561296,-0.011155179769016008,0.008778615857838139
9.125628791109932,-123.7873181209794,-37.748398296273976,4.664003165633251,-0.009593066370956336,0.00755984448504557
7.529782162459749,-125.4963631870447,-38.60342381527015,4.570004324272653,-0.007918877262059906,0.006246499363584509
5.824714080727414,-127.35385125291262,-39.51394632205326,4.472060063905976,-0.006127308760435843,0.004836178009884466
4.004673969662801,-129.3582299536044,-40.48305815387917,4.369419382894474,-0.0042132908647141394,0.0033265182262044975
2.064529349325401,-131.50784200401114,-41.513843955681835,4.261306991593973,-0.002172187920032805,0.001715208167637471
0.0,-133.80099170379134,-42.60935831965748,4.1469305280977835,5.828670879282072e-16,0.0
0.7146401803247606,-134.19835647707336,-43.19038128934589,4.138293157555569,-0.000240413119503047,0.0001846899805016929
1.386171145064539,-134.5750196595655,-43.73708854033386,4.1300935422501945,-0.00046623133170399674,0.00035818682371952946
2.015949989595683,-134.93483314597586,-44.25095396289044,4.122260965163676,-0.000677694981388736,0.0005207194449593104
2.6055674159884106,-135.2816201927344,-44.73332389088815,4.114747228376712,-0.0008750163927042981,0.0006725171095802021
3.1567836622406396,-135.61913003640308,-45.18543361288608,4.107522156926592,-0.0010583875631822275,0.0008138095928680842
3.6714696420273967,-135.9509954175462,-45.60842145389112,4.100569509848103,-0.0012279870935936312,0.0009448274819193004
4.151553016280622,-136.28069318192098,-46.00334080151525,4.093883280554019,-0.0013839863947836463,0.0010658026129622957
4.59896905360427,-136.61150811810452,-46.371170372326034,4.08746437013353,-0.0015265552097317016,0.0011769686206496292
5.015616230237744,-136.9465001695678,-46.71282295239041,4.0813176181069295,-0.0016558664867803402,0.0012785615643746372
5.403316579652548,-137.28847513297953,-47.02915279780156,4.07544917578178,-0.0017721006379180038,0.0013708205897659056
5.763780833862973,-137.63995892608528,-47.32096184401855,4.069864207705553,-0.001875449214307266,0.0014539885800170724
6.098578409278024,-138.0031754802229,-47.58900484504134,4.064564906885014,-0.001966118029942938,0.0015283127516410578
6.409112284642625,-138.38002828621987,-47.83399354296881,4.059548809515778,-0.002044329763056269,0.001594045151692039
6.696598801605386,-138.77208559924085,-48.056599953807115,4.054807394984877,-0.0021103260639497804,0.0016514430175789793
6.962052393086582,-139.18056928875814,-48.257458845255016,4.050324956918636,-0.002164369197107027,0.0017007689666397549
7.206275213439501,-139.60634730428683,-48.4371694755931,4.046077731068839,-0.002206743244728196,0.001742290989500708
7.42985160918185,-140.04992971551948,-48.59629665898577,4.042033265876589,-0.002237754898240937,0.001776282228672732
7.633147330981428,-140.51146827633178,-48.73537122090815,4.038150021629613,-0.002257733863914402,0.0018030205321934206
7.81631334728492,-140.99075945484063,-48.85488990762543,4.0343771842282266,-0.002267032908258852,0.0018227877797121735
7.979294077828306,-141.48725086520153,-48.95531481540174,4.030654679690478,-0.002266027568679835,0.0018358689867236844
8.121839821425194,-142.00005102993833,-49.03707240817874,4.02691337564248,-0.002255115554640561,0.001842551199783945
8.243523107029839,-142.52794239319047,-49.100552196678606,4.02307545614236,-0.002234715864481218,0.001843122202772105
8.343758650332267,-143.0693974942774,-49.14610515706649,4.019054956257762,-0.0022052676430039764,0.0018378690602786252
8.421826550482553,-143.62259819656737,-49.174041973266796,4.014758442847443,-0.0021672288050006627,0.0018270765297124505
8.476898313641716,-144.1854578481419,-49.18463119350773,4.010085827972096,-0.0021210744499206243,0.0018110253780819743
8.508065242917091,-144.7556462278078,-49.178097398366894,4.004931301273783,-0.002067295093022573,0.0017899906430763044
8.514368689177346,-145.33061710253492,-49.15461948411997,3.999184367512268,-0.0020063947383485428,0.0017642398803574455
8.494831615875963,-145.9076381906498,-49.114329171120964,3.992730975231758,-0.001938888818994192,0.0017340314404883706
8.44849089519848,-146.48382328962327,-49.05730985175644,3.9854547222616086,-0.0018653020300020955,0.0016996128193407472
8.374429724606015,-147.05616628894035,-48.98359589569364,3.9772381234379184,-0.001786166079092735,0.001661219125014514
8.271809534237137,-147.62157674844204,-48.89317253112905,3.9679639255887644,-0.0017020173801271974,0.0016190717028423342
8.139900748641562,-148.17691668210404,-48.78597641902282,3.957516454475456,-0.0016133947136281763,0.0015733769572576055
7.978111772723308,-148.7190381479808,-48.66189703238279,3.945782978046135,-0.0015208368780808938,0.0015243254059656567
7.7860155929983375,-149.24482120876903,-48.520778944167006,3.9326550700720886,-0.0014248803546482133,0.001472090997477939
7.563373422272445,-149.75121179584292,-48.36242511500887,3.9180299580223026,-0.0013260570068797507,0.0014168307181252765
7.31015486898891,-150.23525898447545,-48.186601255613866,3.901811838926739,-0.0012248918354242713,0.0013586845090711951
7.026554181484705,-150.69415117094948,-47.99304131837001,3.883913147009918,-0.0011219008062697917,0.0012977755077485356
6.713002201213341,-151.12525063486441,-47.781454148666825,3.8642557570757803,-0.0010175887689807242,0.0012342106217760184
6.370173755897358,-151.5261259734224,-47.55153129905738,3.842772108016552,-0.0009124474795340054,0.0011680814367010233
5.998990331125292,-151.89458190976686,-47.30295597932044,3.81940623142889,-0.0008069537401310359,0.0010994654522399003
5.600617974035645,-152.2286860050818,-47.03541308346854,3.7941146711636273,-0.0007015676661461648,0.001028427634953194
5.176460501862089,-152.52679184429616,-46.74860020173618,3.7668672807249517,-0.0005967310881823896,0.0009550222688495295
4.728148207303117,-152.78755831751698,-46.442239492621795,3.7376478867729035,-0.0004928660950065508,0.0008792950793246321
4.25752236780663,-153.00996468295153,-46.11609025827268,3.706454808567258,-0.0003903737211455572,0.0008012855999111227
3.766615972805325,-153.19332117079387,-45.76996203705579,3.6733012250061297,-0.00028963278098933723,0.0007210297464651189
3.257631177804976,-153.33727496964605,-45.40372800117224,3.638215382941445,-0.00019099884972270263,0.0006385625587687617
2.7329140735194235,-153.44181152543229,-45.017338425711685,3.601240642662358,-9.480339002552177e-05,0.0005539210658973498
2.194927419066557,-153.50725117503166,-44.61083397952054,3.562435358792132,-1.3530224719258217e-06,0.0004671472287907397
1.646222028425638,-153.5342412303765,-44.184358578427606,3.5218725972991805,8.907106308124734e-05,0.00037829091159144945
1.0894075176079827,-153.52374372077344,-43.738171538263686,3.4796396918267902,0.00017621355815389467,0.0002874128321792557
0.527123115922919,-153.47701908891176,-43.27265876901757,3.435837645046094,0.0002598453513577816,0.00019458744221404056
-0.03799078111182841,-153.39560621674585,-42.788342762415525,3.3905803831739236,0.0003397637119001202,9.990568783119666e-05
-0.6033196858066201,-153.2812992286858,-42.2858911429656,3.343993874114482,0.000415792342921962,3.4776038632383243e-06
-1.1663001520384975,-153.1361215791174,-41.76612357657317,3.2962151218209987,0.0004877813060010263,-9.456530307738222e-05
-1.724442480669358,-152.9622979774215,-41.23001686048781,3.2473910513800255,0.0005556068171846495,-0.00019406792394187323
-2.275350599386396,-152.76222473506752,-40.678708052663595,3.1976773009434694,0.0006191709138551828,-0.00029484970620797027
-2.8167388181754993,-152.53843913522303,-40.11349553650762,3.1472369379314764,0.0006784009907994524,-0.0003967031351454702
-3.346445263801274,-152.29358842541907,-39.535837957277835,3.0962391178658093,0.0007332492029146516,-0.0004993925647725053
-3.862441898581905,-152.0303990184693,-38.94735100780461,3.044857704744961,0.0007836917312336574,-0.0006026534203321009
-4.3628411267028,-151.75164645689617,-38.34980208251347,2.993269872022421,0.0008297279085074866,-0.0007061917884860467
-4.845899082000162,-151.46012665292847,-37.74510285870669,2.9416547029951565,0.0008713792003345733,-0.0008096844047906266
-5.310015771798238,-151.1586288614335,-37.135299901619184,2.8901918087570633,0.0009086880380702506,-0.0009127790427099181
-5.753732319858547,-150.84991077905391,-36.52256342394097,2.839059980841768,0.0009417165002377276,-0.0010150953014445962
-6.175725606355323,-150.53667609162756,-35.909174360489835,2.788435894298243,0.0009705448402210585,-0.0011162257844765735
-6.574800643278333,-150.22155471616495,-35.29750994394032,2.7384928752513864,0.0009952698593292618,-0.0012157376546105539
-6.949881049726327,-149.90708590571492,-34.69002798756398,2.6893997450452733,0.0010160031262189107,-0.0013131745458372127
-7.299998003745508,-149.59570430778635,-34.08925009564169,2.6413197509044704,0.0010328690457609988,-0.0014080588071538492
-7.624278046790984,-149.2897289918584,-33.497744031576836,2.5944095907383433,0.0010460027830248508,-0.0014998940487082704
-7.921930105065621,-148.99135539092484,-32.918105477988824,2.5488185373212535,0.001055548050836089,-0.0015881679562099484
-8.192232070761106,-148.70265003766664,-32.35293942254319,2.504687664673168,0.0010616547724048538,-0.0016723553357479994
-8.43451725761387,-148.42554791911758,-31.80484139849986,2.462149177108912,0.001064476633743128,-0.0017519213476601008
-8.648161011288614,-148.16185222555242,-31.276378800508468,2.4213258391869537,0.0010641685438349513,-0.0018263248853055878
-8.832567717961469,-147.9132362304213,-30.77007248472808,2.3823305027323842,0.0010608840238640407,-0.0018950220521438133
-8.987158416017252,-147.6812470087429,-30.288378848581004,2.345265725295694,0.001054772550016594,-0.001957469688666602
-9.111359177692437,-147.46731068139022,-29.833672570059885,2.310223472889696,0.0010459768774917662,-0.002013128899347688
-9.204590391233902,-147.27273886181936,-29.408230170143987,2.2772848986711827,0.0010346303762909799,-0.00206146852888936
-9.266257040824609,-147.09873597942985,-29.014214545141975,2.2465201884408317,0.0010208544120311885,-0.0021019685366599553
-9.295740051973075,-146.94640715915568,-28.65366059916677,2.2179884634529334,0.0010047558074400176,-0.0021341232181399904
-9.292388744764724,-146.81676634921476,-28.328462090876236,2.19173773108161,0.0009864244222529987,-0.0021574442229127656
-9.25551441653692,-146.71074440724493,-28.040359793363784,2.1678048743894243,0.000965930891007009,-0.0021714633193637904
-9.18438505909173,-146.62919687840406,-27.790931051839024,2.1462156725932204,0.00094332455958141,-0.0021757348578221197
-9.078221203206793,-146.57291122645574,-27.58158081053834,2.1269848458075105,0.0009186316624077049,-0.0021698378854185033
-8.936192874461833,-146.5426133095354,-27.413534168093015,2.1101161192515923,0.0008918537829652753,-0.0021533778681187086
-8.757417638641487,-146.53897292533873,-27.28783050918261,2.0956023042965475,0.0008629666405573594,-0.0021259879777690113
-8.540959711496098,-146.56260828510838,-27.20531924945741,2.0834253962621916,0.0008319192464928942,-0.002087329904764316
-8.285830105689968,-146.61408931122932,-27.166657220098735,2.073556691694868,0.0007986334726458812,-0.002037094159940498
-7.990987786600922,-146.69393968869153,-27.172307707641572,2.065956930897533,0.0007630040750550854,-0.0019749998326598363
-7.655341807581085,-146.80263763526793,-27.222541153432218,2.060576474663655,0.0007248992147478997,-0.0019007937752986517
-7.277754393779094,-146.94061538798962,-27.317437505002,2.057355527394063,0.0006841615174751191,-0.0018142491881118269
-6.857044941265729,-147.10825743320012,-27.456890198430912,2.056224421946025,0.0006406097134595112,-0.0017151635817138052
-6.391994894829722,-147.30589753265372,-27.64061173630672,2.057103984559682,0.0005940408978175058,-0.0016033560978812313
-5.881353463531285,-147.5338146170071,-27.868140810155083,2.059906000898896,0.00054423345193433,-0.0014786641723277412
-5.323844128388824,-147.79222762841462,-28.138850899448897,2.0645338064899197,0.0004909506659135557,-0.001340939525436965
-4.718171892302782,-148.08128939311607,-28.451960261966363,2.070883026489462,0.00043394510231486023,-0.001190043468658066
-4.063031219841869,-148.40107958971697,-28.806543213127192,2.0788424905976974,0.00037296374179611507,-0.0010258415146192964
-3.3571146156871396,-148.75159684561172,-29.20154257609094,2.088295348873618,0.00030775395202601934,-0.0008481972778325588
-2.599121797756544,-149.13274993842762,-29.635783171304386,2.0991204130218897,0.0002380703224413078,-0.0006569656499648379
-1.7877694372491488,-149.5443479967395,-30.107986205660865,2.1111937451944964,0.00016368240904189664,-0.00045198522794065676
-0.9218014664603228,-149.98608947935173,-30.616784419660988,2.1243905122688855,8.43834355515247e-05,-0.0002330699646785246
-1.950618062331475e-15,-150.4575495595265,-31.160737858449675,2.138587117685755,-8.322137167946904e-17,1.8035054198014504e-15
0.0,-150.45754955952665,-31.160737858449714,2.13858711768577,-1.3877787807814457e-16,0.0
0.9826346646994746,-152.45638682410242,-31.85165092864078,2.0273941352624862,-0.0033213409202874898,-0.0028381715783852043
1.9057117705574425,-154.3319982238705,-32.50067940720839,1.922260531457378,-0.006440950163738689,-0.005504545237201785
2.7704371801705108,-156.08515040595907,-33.108784799990595,1.8224240806704046,-0.009361908868446917,-0.008003127598302259
3.5780107246679,-157.71693737647715,-33.67703157315555,1.7271715641652696,-0.012086786575508643,-0.01033816752075135
4.32962488718795,-159.22871673440798,-34.2065621839449,1.6358353416234013,-0.014617774364817525,-0.012514084223551233
5.026461812163717,-160.62204988591247,-34.698574898595,1.547789973074886,-0.01695680461816563,-0.014535398307406333
5.669688711219043,-161.89864660359024,-35.15430421967735,1.4624489456903706,-0.019105658228267604,-0.01640666541307142
6.260451923092879,-163.06031414843542,-35.57500372832901,1.3792615550554739,-0.021066060128360056,-0.01813241265845219
6.799870012176081,-164.1089110530036,-35.9619311365675,1.297709985737594,-0.022839764067505944,-0.019717078254875356
7.289026367934813,-165.04630556963562,-36.316335340402155,1.217306631053034,-0.02442862759462884,-0.021164954846970833
7.728961804810379,-165.87433871464734,-36.63944526500784,1.1375916869311165,-0.02583467823405289,-0.02248013717904147
8.120667667278882,-166.59479178553562,-36.932460298071575,1.058131049685712,-0.027060171831783702,-0.02366647468903174
8.465079924779028,-167.20935819097343,-37.19654211584507,0.9785145424083225,-0.028107644021923485,-0.02472752959106933
8.763074702310712,-167.71961941028536,-37.432807717791945,0.8983544896439888,-0.028979955704685298,-0.025666540946229575
9.015465639806417,-168.12702488798857,-37.64232349944425,0.8172846550412807,-0.029680333340194393,-0.02648639515326249
9.223003411054782,-168.43287566778375,-37.826100208718,0.7349595517869234,-0.030212404746306445,-0.027189603227294464
9.386377664282996,-168.63831157714645,-37.98508864810664,0.6510541308218039,-0.030580230944109325,-0.027778285182911276
9.506221573936994,-168.74430178665975,-38.120176003588185,0.5652638470351237,-0.030788334423315564,-0.028254161803461172
9.583119118470057,-168.75163858579828,-38.23218270052571,0.47730509876705973,-0.03084172400313194,-0.02861855406360601
9.617615123190086,-168.66093423757405,-38.32185970713668,0.3869160309225055,-0.030745916245314205,-0.02887239047599173
9.61022803106945,-168.47262079688252,-38.389886227093086,0.29385768669829027,-0.030506953139096904,-0.02901622265245046
9.561465288189048,-168.18695280032185,-38.43686774432865,0.19791548724880803,-0.03013141552850035,-0.029050249399261707
9.471841154270466,-167.80401275747207,-38.46333440496195,0.09890101246298277,-0.02962643149891897,-0.028974349695412002
9.341896672597871,-167.32371939402802,-38.46973974313461,-0.0033459506715927123,-0.02899967869297173,-0.02878812492168437
9.17222145770411,-166.74583861468054,-38.456459779160355,-0.1089551329137326,-0.02825937929885958,-0.02849095070313447
8.963476883912572,-166.06999716722174,-38.42379253924174,-0.2180233294475149,-0.027414286264735785,-0.028082038684051184
8.716420184008584,-165.2956989980183,-38.371958065588245,-0.33061182531191924,-0.026473659159870114,-0.027560508458097308
8.431928896304242,-164.42234429183966,-38.30109900341687,-0.4467437650907886,-0.02544722804931004,-0.026925469714183293
8.111025032109286,-163.44925118518725,-38.21128186628993,-0.5664015410097678,-0.024345143796717393,-0.026176114420259765
7.754898276726377,-162.37568013103365,-38.102499092748786,-0.689524281927375,-0.023177913382286166,-0.025311818546699606
7.3649274887760665,-161.20086087365618,-37.97467201439261,-0.8160055333210017,-0.02195631913853458,-0.024332252428379744
6.94269972868867,-159.92402196468007,-37.82765485760615,-0.9456912247545497,-0.020691321279961556,-0.023237498386936964
6.490026031709769,-158.54442271541024,-37.66123989729804,-1.0783780259146876,-0.01939394373770887,-0.022028173697593443
6.008953148016483,-157.06138743623308,-37.47516387063472,-1.2138121945354137,-0.018075144099977444,-0.02070555641076637
5.501770506610107,-155.47434176186508,-37.26911574139487,-1.3516890188274655,-0.016745669381323366,-0.019271710959355703
4.971011724064265,-153.7828508024896,-37.042745881027024,-1.4916529528722684,-0.015415900360019122,-0.01772960993408717
4.419450076537652,-151.98665879674815,-36.79567670087333,-1.6332985354162397,-0.014095688277304754,-0.016083247932767653
3.8500874849244395,-150.08572987497678,-36.52751473178555,-1.7761721703389615,-0.012794188714082704,-0.014337743026885678
3.2661367281015394,-148.0802894722685,-36.23786410334093,-1.9197748306861593,-0.011519698366461384,-0.012499421180335944
2.670996795405933,-145.97086586353254,-35.92634132629397,-2.0635657276909525,-0.010279501141785047,-0.01057587893456757
2.0682215119840226,-143.7583312296445,-35.59259123037093,-2.206966962030253,-0.009079730403854099,-0.008576019868515462
1.4614818124890099,-141.44394160818257,-35.23630385695442,-2.349369147297521,-0.007925254232785225,-0.0065100607655239374
0.8545222906076884,-139.02937503730828,-34.85723205480169,-2.490137966171377,-0.0068195901752288145,-0.0043895040760313225
0.25111290309507384,-136.5167671701907,-34.45520947904237,-2.6286215890777376,-0.005764855118553342,-0.002227074143982823
-0.34500305494458283,-133.90874362282665,-34.03016865171544,-2.764158854496291,-0.0047617546388094515,-3.661574409733609e-05
-0.9301633748776295,-131.2084483226054,-33.58215870836436,-2.8960880807631946,-0.0038096144995415143,0.002167045278784689
-1.500842257946432,-128.41956715031577,-33.111362431840654,-3.023756352614488,-0.0029064550090331064,0.004368278112322037
-2.053704913856426,-125.54634621558941,-32.61811216326337,-3.1465291030950078,-0.002049106805992314,0.006550857233602331
-2.5856597502672694,-122.59360417523693,-32.10290418238702,-3.2637997940016708,-0.001233364490747151,0.00869820279335398
-3.0939064763656505,-119.56673809486821,-31.56641116623444,-3.374999486718475,-0.00045417251458832,0.010793645717519966
-3.5759785233481605,-116.47172246490167,-31.00949236591504,-3.4796060908562128,0.0002941639570407657,0.012820710856005902
-4.02977833639083,-113.31510110995937,-30.43320118657663,-3.577153080948472,0.0010177517465380296,0.014763410437718023
-4.453604312209404,-110.10397187219324,-29.83878991325513,-3.6672374816500253,0.0017228751836079496,0.016606539273077897
-4.846168435135994,-106.84596410003883,-29.227711394178193,-3.749526939151819,0.0024157638172186196,0.01833596263831261
-5.206603990468128,-103.54920912939113,-28.60161757046637,-3.8237657202348383,0.003102371231395936,0.019938887627239086
-5.534463091291465,-100.222304098983,-27.962354824299663,-3.889779509581685,0.0037881728828247693,0.021404108999471278
-5.829704126468327,-96.8742695904476,-27.31195620330396,-3.9474789094217613,0.004477989458121596,0.022722221202236232
-6.0926696044241755,-93.51450172080922,-26.65263066377608,-3.996861581873076,0.0051758405367738295,0.023885789288292974
-6.324055211353897,-90.15271943606467,-25.986749556049663,-4.038013011904196,0.005884831494608235,0.024889472859258688
-6.524871206533724,-86.79890785465321,-25.31683064857102,-4.071105906083717,0.006607074744380659,0.025730098872488283
-6.696397527120745,-83.46325858543355,-24.64552005022693,-4.096398277677826,0.00734364472059581,0.02640668107620171
-6.840134159135332,-80.15610799364006,-23.975572440721795,-4.114230300812639,0.008094564582658953,0.02692038587923798
-6.957748443283697,-76.88787440869362,-23.30983005452448,-4.1250200441714,0.008858821504485841,0.02727444650440075
-7.051021021260562,-73.66899525929394,-22.651200883947684,-4.129258217164596,0.00963440667146045,0.027474029201413935
-7.121792091842908,-70.50986508477013,-22.002636570882082,-4.127502078130174,0.010418375711105998,0.02752605699737299
-7.1719095420646735,-67.4207753090696,-21.367110444882137,-4.120368664664634,0.011206925205554118,0.02743899784680433
-7.203180356007912,-64.41185657797924,-20.74759613870693,-4.108527510747788,0.011995481113345682,0.027222625040850577
-7.217326493759332,-61.49302435488429,-20.147047172661477,-4.092693014296801,0.012778795294765031,0.02688775830667135
-7.215946189005284,-58.673928350004296,-19.568377848289806,-4.073616612798936,0.013551046816346154,0.026445994165749984
-7.200481349418894,-55.96390622736745,-19.0144457326383,-4.052078914542734,0.014305945239906935,0.0259094338460249
-7.1721914731136724,-53.37194189783514,-18.488035949181594,-4.028881919619163,0.015036833624263817,0.02529041640670204
-7.132134229735469,-50.906628570222125,-17.991847423417916,-4.004841449267215,0.01573678944396601,0.024601263806205607
-7.081152607433239,-48.57613660078421,-17.528481162915355,-3.980779885242399,0.01639872203410708,0.023854043505681863
-7.019868306198383,-46.38818605840419,-17.100430585867016,-3.9575193035659986,0.017015465493372982,0.023060352941649806
-6.948680870877085,-44.350023812589484,-16.710073851406946,-3.935875070029008,0.017579866219966673,0.022231128908192108
-6.867771908234192,-42.46840485709106,-16.35966809111798,-3.9166499487947,0.01808486442630116,0.02137648364039363
-6.777113624257722,-40.74957750607661,-16.051345396018775,-3.9006287608298242,0.018523569092178217,0.020505568252697715
-6.6764808509249525,-39.19927204415521,-15.787110378140678,-3.888573616002633,0.018889325888163833,0.01962646320916306
-6.565465704664712,-37.82269237713614,-15.568839101432623,-3.881219731671804,0.019175777645915548,0.01874609472177942
-6.443494029142262,-36.62451021758956,-15.398279163619431,-3.8792718414831344,0.019376916982878727,0.01787017540586037
-6.309842819129197,-35.60886134766167,-15.27705070880432,-3.8834011908044532,0.01948713071457971,0.01700316717193435
-6.1636578957891555,-34.7793435301792,-15.206648159708944,-3.894243109595194,0.019501235715516707,0.016148264192560872
-6.003971201992045,-34.13901568629548,-15.188442477796892,-3.9123951492901483,0.0194145059228833,0.015307393831349592
-5.829717204401865,-33.690398021657415,-15.223683788117873,-3.9384157672007785,0.019222690218224363,0.014481233634758246
-5.639748022203393,-33.43547286070772,-15.313504242245788,-3.9728235396975355,0.018922020970809035,0.01366924283452067
-5.432847045701598,-33.37568603730958,-15.458921035633978,-4.016096883721918,0.018509213082828355,0.012869707257038666
-5.2077409570476005,-33.51194878597522,-15.660839543299167,-4.068674264671175,0.017981453439891753,0.012079797052472337
-4.96311021557231,-33.84464017789603,-15.920056588018136,-4.130954867097932,0.017336380739999026,0.011295637207792772
-4.697598217269802,-34.37361024573747,-16.237263906056977,-4.203299702678167,0.016572055749322183,0.010512391363675738
-4.409819477523198,-35.09818403654337,-16.61305192458815,-4.286033127250173,0.015686922112554163,0.009724359986741102
-4.098367313785409,-36.01716691872959,-17.047914010029192,-4.379444735162345,0.014679757927092104,0.008925094431324934
-3.761821616074842,-37.12885154253625,-17.54225138511523,-4.483791594459265,0.01354961837033602,0.008107528837942484
-3.398757383105111,-38.43102690895351,-18.09637894214029,-4.599300780388786,0.012295769742335538,0.007264132143210654
-3.0077547657434556,-39.9209900355552,-18.710532197982676,-4.726172157161537,0.010917615343562432,0.006387082707889895
-2.587411392226719,-41.59556071452551,-19.384875640833354,-4.864581348718784,0.009414613638288938,0.005468468202094237
-2.1363577459696206,-43.451099834286744,-20.119512706569413,-5.014682828386423,0.00778618914280872,0.004500513422527676
-1.6532763215911461,-45.4835316776064,-20.91449759210766,-5.176613044690105,0.006031636405787134,0.003475838665961865
-1.1369251925539157,-47.68837051217683,-21.76984906150273,-5.350493486303924,0.004150017292756457,0.0023877511624251727
-0.5861664789172899,-50.06075165091331,-22.68556632563379,-5.536433573186408,0.0021400515223665008,0.0012305719025454919
0.0,-52.59546697513461,-23.661646975509264,-5.734533243543302,1.3877787807814457e-17,0.0
-0.7651605260180386,-49.872725638106196,-22.403921032995804,-5.573498142693197,-0.0007175212016935939,-0.001234418381788707
-1.4842122636994652,-47.32167018073969,-21.225625712376427,-5.422347016226064,-0.0013908651950435998,-0.002393212184678793
-2.1587215412369405,-44.94557567346372,-20.1283201520043,-5.280998599629291,-0.0020192960351677986,-0.003476009606652471
-2.790565749213035,-42.747680669714526,-19.11347762321729,-5.149364593305256,-0.002601257583687633,-0.004481497803794889
-3.3818591807881972,-40.73111007611769,-18.182462522635575,-5.027347880312254,-0.0031345688446064814,-0.005407673178851399
-3.9348915608226305,-38.89880926566479,-17.33651069123792,-4.914840695776668,-0.0036165921834738378,-0.006252066934150708
-4.452078600906294,-37.25348908067201,-16.57671306399364,-4.811722822331069,-0.004044375831396816,-0.007011947248112377
-4.935923350819098,-35.79758093233955,-15.904002456850462,-4.717859857673856,-0.004414772910884341,-0.007684499414324197
-5.388986721683823,-34.53320088887612,-15.31914315282917,-4.633101577057827,-0.004724539799441655,-0.00826698528042595
-5.81386530977101,-33.462121438937,-14.822722849894888,-4.557280395149599,-0.00497041699982659,-0.008756883326276027
-6.213174532234727,-32.585749507233146,-14.415146474564834,-4.490209918197561,-0.005149195840934789,-0.009152010714122511
-6.589535078170383,-31.905109271194625,-14.096631341558735,-4.431683568672575,-0.0052577743168772265,-0.009450628617170952
-6.94556076279702,-31.420828368879114,-13.867203146161401,-4.381473260282236,-0.005293205209666119,-0.009651532079667345
-7.283846033076928,-31.133126187036797,-13.726692307604878,-4.339328101195417,-0.005252739358413288,-0.009754125577478468
-7.606951594795139,-31.04180306325431,-13.674730234279021,-4.304973107054025,-0.005133866560164164,-0.009758485332192458
-7.917386900429405,-31.14622941707652,-13.710745150884978,-4.278107912431708,-0.004934356139359236,-0.009665409286363265
-8.217588541697115,-31.445334032390072,-13.833957210044971,-4.258405479304653,-0.0046522987287678464,-0.009476455477166452
-8.509893919265439,-31.937590938384965,-14.04337270298875,-4.245510813259933,-0.0042861502882807654,-0.009193969357549514
-8.796509904529218,-32.62100457102637,-14.337777282630027,-4.239039711970531,-0.0038347788714852664,-0.008821100416306104
-9.079476555142087,-33.49309313380079,-14.7157282147106,-4.238577585258258,-0.003297514154366932,-0.00836180825168558
-9.360626288220532,-34.550870308740414,-15.175545775916126,-4.243678401144287,-0.002674199284186468,-0.007820858067820784
-9.641539244233256,-35.7908256900793,-15.715304019190809,-4.25386382690544,-0.0019652442054653024,-0.007203805401344025
-9.923495882092006,-37.208904517500166,-16.33282122309427,-4.268622647518063,-0.0011716792865181904,-0.00651696975875141
-10.207428123442147,-38.80048746830833,-17.02565043107496,-4.287410555151224,-0.0002952078127893181,-0.00576739676528514
-10.493870603184382,-40.56037142291702,-17.79107056500697,-4.309650411714127,0.000661744262947208,-0.004962808404195487
-10.782913775485516,-42.48275224104914,-18.626078662214926,-4.334733091023088,0.0016959830185188877,-0.004111540971202771
-11.074160761872104,-44.56121067281096,-19.527383833454202,-4.362019007124372,0.00280350743114941,-0.003222470490318787
-11.366689902931785,-46.78870257564107,-20.491403567994656,-4.3908404299742765,0.003979478088157825,-0.0023049255389147733
-11.659024981128235,-49.1575546121619,-21.514263018394487,-4.420504678460649,0.005218195300431516,-0.0013685877128378765
-11.949115014164274,-51.65946656318013,-22.59179787950154,-4.4502982632788886,0.006513088023933496,-0.000423380323022058
-12.234325373049163,-54.2855213036176,-23.719561432051556,-4.479492028340891,0.007856714807491979,0.000520653656111484
-12.511441755841833,-57.026203357437105,-24.89283625013672,-4.507347309405503,0.00924077778002847,0.001453482884279201
-12.77668824916115,-59.87142677256315,-26.10665097397631,-4.533123093047954,0.010656150478564417,0.0023652261836550146
-13.025760340450134,-62.810572841897184,-27.355802426171977,-4.556084118897098,0.012092920107677863,0.0032462957657254325
-13.253873313597179,-65.83253794695966,-28.634883203556207,-4.575509824625649,0.013540444615557404,0.004087542136603355
-13.455825981286516,-68.92579152330029,-29.938314711724523,-4.590703988217498,0.014987424770045946,0.004880397237863316
-13.62607919509285,-72.07844384996761,-31.2603854305013,-4.601004877617697,0.016421991215020765,0.005617012058841414
-13.758848047428236,-75.27832305874135,-32.59529401217996,-4.605795676295492,0.01783180627383629,0.0062903847723035314
-13.848206158751237,-78.5130604532659,-33.937196627572895,-4.6045149169435025,0.019204180031778758,0.006894475428208681
-13.888199951021413,-81.77018293506082,-35.28025779549644,-4.596666626912414,0.020526199962341618,0.007424303411510612
-13.872970366532552,-85.03721106418787,-36.618703767363115,-4.58182987028571,0.021784873054635452,0.007876024239463849
-13.796879121366716,-88.30176104830147,-37.9468773979642,-4.559667364651902,0.022967279047620987,0.008246982838429784
-13.654636304016112,-91.55164876517156,-39.25929332362551,-4.529932857065144,0.024060732983754073,0.008535741180774704
-13.441425958146148,-94.77499378935127,-40.55069219600428,-4.492476964204397,0.025052954871132956,0.008742079046624204
-13.153026235576647,-97.96032132030227,-41.81609268873001,-4.447251216425103,0.02593224380733643,0.008866967656361099
-12.785920777685774,-101.09665990144603,-43.05084000797209,-4.394310093520882,0.026687653495750176,0.008912516942689968
-12.337398181169256,-104.1736328790667,-44.25064969791238,-4.333810900047962,0.02730916570661127,0.008881898234116753
-11.80563672197383,-107.18154167565235,-45.41164563691387,-4.266011397709148,0.02778785793361676,0.008779245043790124
-11.189771937947013,-110.11143914020103,-46.53039126664484,-4.191265188585925,0.02811606130463216,0.008609535442268777
-10.489945189582008,-112.95519148154598,-47.60391327920755,-4.110014922464514,0.028287504749660023,0.008378460093867434
-9.70733190788975,-115.7055275808,-48.629717199308814,-4.022783480333522,0.02829744153118625,0.008092280421634806
-8.84414887414782,-118.35607480450372,-49.605794531114256,-3.930163360452174,0.028142754511610097,0.007757681520634082
-7.903640531171879,-120.90138078850552,-50.53062138308688,-3.8328045594733147,0.027822036968690938,0.007381624365167345
-6.890044972272989,-123.33692102069797,-51.40314872877495,-3.7314012956162688,0.027335646359704025,0.0069712015719085715
-5.808540865453226,-125.65909240507524,-52.22278469720087,-3.6266779610908135,0.026685729154891806,0.006533500520664412
-4.6651771221171465,-127.86519332727114,-52.98936950382109,-3.519374714926117,0.025876215677196848,0.006075477040738615
-3.4667875905668755,-129.95339105102727,-53.70314382365251,-3.4102331340094683,0.024912784759118217,0.005603842192357567
-2.2208934281878427,-131.9226775458796,-54.3647115652564,-3.299982329403242,0.023802798915431342,0.0051249639586879725
-0.9355960710800613,-133.77281507073562,-54.974998122773044,-3.189325907751845,0.022555211589525632,0.004644784960740542
0.38053612998372444,-135.50427301037206,-55.53520526003531,-3.078930115559599,0.021180448820838176,0.004168756652994536
1.7185845033470386,-137.11815757909355,-56.04676381489216,-2.969413449808239,0.019690268366021363,0.003701789881579029
3.0693968512363883,-138.61613606732777,-56.511285404192975,-2.8613379548539744,0.018097599859913514,0.003248221207107307
4.423701592534649,-140.0003573145277,-56.93051426314121,-2.7552023562185766,0.01641637000469902,0.0028117940193880036
5.772216663620898,-141.27337004936334,-57.30628027122358,-2.651437110324369,0.014661317016832456,0.0023956531995180464
7.1057509212921905,-142.43804065146443,-57.6404541061745,-2.550401378885569,0.012847798640411145,0.0020023519082143365
8.415296178515412,-143.49747176496282,-57.9349053338023,-2.4523818707370046,0.010991597959289813,0.00163386898411964
9.692108424332645,-144.45492304073855,-58.191464091832884,-2.357593435067488,0.00910873102267646,0.0012916354064324452
10.927777214928676,-145.31373511003775,-58.411886867149775,-2.2661812404582857,0.00721525995936863,0.0009765682962030913
12.114282656029243,-146.07725770550127,-58.59782670462549,-2.178224335257588,0.005327114818053725,0.0006891109851869101
13.244039811574215,-146.74878265480396,-58.75080802830515,-2.0937403574127926,0.003459926860986874,0.0004292777574149368
14.30993075650198,-147.33148228464194,-58.87220610744756,-2.012691146008697,0.0016288754832079755,0.00019670195716030032
15.30532483162378,-147.8283535954107,-58.963231065337816,-1.9349890018837683,-0.000151449643802367,-9.31374883248598e-06
16.22408794791508,-148.24216840526572,-59.02491621136828,-1.8605033497557093,-0.0018671701717042147,-0.00018974607146205434
17.060582020831337,-148.5754295209188,-59.058110379132344,-1.7890675678128418,-0.0035052239215295055,-0.0003457997827030178
17.809655789768655,-148.83033287488237,-59.06347387667506,-1.720485770978284,-0.005053452965740189,-0.0004788573086958016
18.466628393166353,-149.0087354772089,-59.04147760020639,-1.654539359144326,-0.006500675354001577,-0.0005904300641820783
19.0272671275256,-149.1121289652995,-58.99240482929991,-1.590993169709098,-0.007836741229220822,-0.0006821122652239811
19.48776082189341,-149.14161849834682,-58.91635520903107,-1.529601102925321,-0.009052574330515449,-0.0007555378612472217
19.844690212350418,-149.09790673284883,-58.813250431284324,-1.470111117284405,-0.01014020003525062,-0.0008123411309597945
20.09499660869793,-148.98128263109302,-58.6828411518217,-1.412269519063068,-0.011092761152282698,-0.0008541213890417799
20.235950013285084,-148.79161489371626,-58.52471471966675,-1.3558244942120028,-0.011904522643878902,-0.0008824121531017613
20.26511768527356,-148.52834986800414,-58.33830334874188,-1.3005288512611335,-0.012570866329376568,-0.0008986550232314167
20.1803339481883,-148.1905138627797,-58.1228924262657,-1.2461419604707005,-0.013088276416365407,-0.0009041784311077114
19.979671819742094,-147.7767198954766,-57.87762872590144,-1.1924308870020752,-0.01345431642456513,-0.0009001813215486817
19.66141680598507,-147.2851790039553,-57.601528373747534,-1.1391707246209841,-0.01366759772448689,-0.0008877217382634636
19.22404295201074,-146.71371637125515,-57.293484499682215,-1.0861441418039046,-0.013727739520647842,-0.0008677101956493611
18.666190984037133,-146.0597926319746,-56.95227459294706,-1.0331401546882444,-0.01363531968120638,-0.0008409076310945856
17.986648118113376,-145.32053085040758,-56.576567666743955,-0.9799521417788264,-0.013391815367838598,-0.0008079276456837026
17.18432885483952,-144.4927497787221,-56.16493141941641,-0.9263751144140631,-0.01299953196741074,-0.0007692426557370903
16.2582558337513,-143.5730041140576,-55.715839656696474,-0.8722022553798344,-0.012461518386610974,-0.0007251934934534221
15.207539592614248,-142.5576325719359,-55.22768030744895,-0.817220736293479,-0.011781466359579261,-0.0006760019128967155
14.031355873931815,-141.44281467528486,-54.698764420978875,-0.7612068228439898,-0.010963591052606142,-0.0006217853800751798
12.728918952676858,-140.22463721900883,-54.127336573562154,-0.7039202757968667,-0.01001248994613023,-0.0005625734572379717
11.299449335949818,-138.89917140488453,-53.51158713138594,-0.6450980546984182,-0.00893297674752839,-0.000498325037754902
9.742134118417374,-137.46256164610597,-52.84966681212967,-0.584447329958725,-0.007729886953731092,-0.00042894565795850454
8.056078279657363,-135.9111270107967,-52.13970395326931,-0.5216378066311231,-0.006407851652667413,-0.0003543041175607521
6.240245294718701,-134.24147620517547,-51.37982482680614,-0.456293358582738,-0.00497103624017078,-0.00027424769528221877
4.293385612253857,-132.4506368859209,-50.568177232156685,-0.38798296342403327,-0.003422840943500273,-0.00018861536827841996
2.2139518517118235,-130.53619993376634,-49.70295744568735,-0.31621091487680997,-0.001765560394921186,-9.724865264980679e-05
0.0,-128.49647911233737,-48.782440400657286,-0.2404062684628272,1.2212453270876722e-15,8.881784197001252e-16
0.6474408513636174,-129.2180654712735,-49.626875537025825,-0.4490578186407702,-0.0013142579043147575,-0.001335032357770394
1.2558441003518412,-129.89963466563037,-50.420941726390105,-0.6460204309002914,-0.002548152313419038,-0.002588902276101385
1.8264811762636803,-130.54609487049927,-51.166517821555644,-0.8324238548287232,-0.0037016426941649575,-0.0037626722385710664
2.360855677310013,-131.16260324492055,-51.86550030903006,-1.009321453800452,-0.004773858797413348,-0.004857110345860724
2.8606392903429043,-131.7544459375935,-52.519782966601056,-1.177695524565225,-0.005763313690201343,-0.005872762615430596
3.3276126626736042,-132.3269293103042,-53.13123751472274,-1.3384620608573563,-0.006668091632822881,-0.006810014235294613
3.763610928000843,-132.8852821653308,-53.701695550952095,-1.492474974634488,-0.0074860122455523625,-0.007669140256705119
4.170473731261026,-133.43456856274955,-54.232931918767356,-1.6405297902517528,-0.008214772894489752,-0.008450346554424209
4.549999691058014,-133.979610650864,-54.72664955419116,-1.7833668273716647,-0.008852071588894223,-0.009153802106776545
4.903905296095501,-134.5249208103809,-55.184465772751345,-1.921673888369159,-0.00939571292169443,-0.009779663776454643
5.233788265435129,-135.07464233231028,-55.60789990246588,-2.056088465762937,-0.009843699699302523,-0.010328094831888965
5.541095421415041,-135.6324978115664,-55.99836213279152,-2.187199484959272,-0.01019431289850369,-0.010799278457930645
5.827095136527156,-136.2017444421801,-56.35714343197411,-2.3155485974104866,-0.010446182460902632,-0.011193427481178332
6.092854426986731,-136.7851354437461,-56.685406383216744,-2.441631039229883,-0.010598351198773878,-0.011510791491920525
6.339220779284641,-137.3848869288018,-56.984176800940894,-2.565896070442367,-0.01065033375175758,-0.011751662490863632
6.566808812572296,-138.00264963273816,-57.25433600973001,-2.6887470105050753,-0.010602172117326088,-0.011916380129142319
6.7759918980832765,-138.6394850661135,-57.4966136980496,-2.810540886672783,-0.010454488797534193,-0.012005337547013875
6.966898873942885,-139.29584580777015,-57.71158129451151,-2.9315877134274153,-0.0102085380797367,-0.012018988748365687
7.139416005197546,-139.97155982916834,-57.899645854402564,-3.0521494237931233,-0.009866255422402959,-0.01195785837209458
7.293194339230691,-140.665818918718,-58.06104448676364,-3.172438477204325,-0.009430304370205879,-0.011822554632018928
7.427662589893849,-141.37717145202245,-58.19583939593221,-3.2926161739611723,-0.008904119899098928,-0.011613786089290078
7.542045643657763,-142.1035199220235,-58.303913654725406,-3.412790713452875,-0.008291946615640616,-0.011332382788617309
7.635388712481542,-142.8421237940145,-58.38496786801016,-3.5330150424478304,-0.007598869826637829,-0.010979322128069487
7.7065870567762635,-143.5896083762297,-58.43851792396357,-3.653284550934339,-0.006830837178371166,-0.010555759636793699
7.754421065600415,-144.3419804892089,-58.4638940645843,-3.773534686201269,-0.005994668358412995,-0.010063064605341133
7.777596310427647,-145.09465176868716,-58.46024153564878,-3.8936385708458996,-0.005098050273981181,-0.00950286024940416
7.7747879869393115,-145.8424704403169,-58.426523097937725,-4.013404726741289,-0.004149515184362816,-0.00887706779476776
7.744688933284894,-146.5797623541005,-58.36152369477695,-4.132575023998088,-0.003158399478211324,-0.008187953555955927
7.6860601737533685,-147.3003819574537,-58.26385757427886,-4.250822990672694,-0.00213478115599584,-0.00743817775530865
7.597782697962143,-147.99777371575897,-58.13197815669667,-4.3677526342148525,-0.001089394598861088,-0.006630843506761772
7.478908964669098,-148.66504425797106,-57.96419091664689,-4.482897938022989,-3.3521870168334855e-05,-0.0057695440874288885
7.328712435439288,-149.29504523504295,-57.75866951542134,-4.595723204444775,0.0010211394133718644,-0.0048584063591785125
7.14673331677305,-149.88046653664813,-57.513475369317085,-4.705624417549097,0.0020626307114059647,-0.0039021280024678032
6.932818639246486,-150.41393912635863,-57.226580775415584,-4.811931793501152,0.0030789077993968956,-0.002906006106219876
6.6871548453773,-150.88814634007076,-56.89589563668572,-4.913913672119765,0.0040580337345485565,-0.0018759546389379902
6.410291206336775,-151.2959420633828,-56.51929773456582,-5.010781879278785,0.004988385687027094,-0.0008185084233549057
6.103152646839916,-151.63047378002335,-56.0946663910342,-5.101698655852804,0.005858870860062321,0.0002591885400368083
5.767040925150182,-151.88530808669637,-55.61991924629579,-5.185785205159704,0.006659145919256835,0.001349412201320289
5.403623579780795,-152.05455592242626,-55.09305175621741,-5.262131858313021,0.007379833709672733,0.0024439063605489354
5.0149105956759925,-152.1329944852635,-54.51217889008586,-5.329809797316351,0.008012730603119154,0.0035339500589208726
4.6032193314394805,-152.11618262721382,-53.87557838939688,-5.387884211588395,0.008550997626537816,0.004610444486372736
4.171128849706907,-152.0005664478817,-53.18173483804373,-5.435428697995323,0.00898932860277048,0.005664018663337078
3.721425364777006,-151.78357186262275,-52.429383699459,-5.47154065092317,0.00932408890502881,0.006685152350962979
3.2570410236510607,-151.46368111046525,-51.617554402852036,-5.49535733118623,0.00955341908731046,0.00766431384263071
2.7809886295728257,-151.0404904925019,-50.745611513964526,-5.50607225430183,0.009677298592749354,0.008592109532744668
2.2962951679876165,-150.51474708736268,-49.813293010082724,-5.502951503166306,0.009697565931656719,0.009459441488619508
1.8059370799388534,-149.88836276362147,-48.82074469736118,-5.485349550084723,0.009617893118152388,0.01025766870838352
1.3127801357890911,-149.16440447918882,-47.76854986218651,-5.452724170197755,0.009443713701880735,0.010978767367213572
0.8195264949606016,-148.34706059798714,-46.657753336823774,-5.404650043308941,0.009182105362823732,0.01161548516337203
0.32867111133595034,-147.44158373246245,-45.48987928054305,-5.3408306735033095,0.008841629678777073,0.012161484892153405
-0.15753091182047918,-146.45421140132535,-44.2669421265868,-5.261108304200775,0.008432133249264435,0.012611472606223806
-0.6370850593242138,-145.3920665385931,-42.99145031687294,-5.165471567838783,0.007964515791438873,0.01296130615924737
-1.1082659647062147,-144.2630405667262,-41.66640263313265,-5.054060680867091,0.007450472043005038,0.013208080558201182
-1.5696142069926289,-143.07566232081956,-40.29527712734439,-4.92717007227958,0.006902215255317572,0.013350187339517688
-2.0199223837534013,-141.8389565550795,-38.88201284760019,-4.785248413401644,0.006332190690764,0.013387346096855697
-2.4582120301122723,-140.5622960568415,-37.43098473988932,-4.628896094102863,0.005752787823920183,0.01332060727860052
-2.8837033521966706,-139.2552515250047,-35.94697227431439,-4.45886026239825,0.005176059874978475,0.01315232639165913
-3.29577999025133,-137.92744333575982,-34.435122489696184,-4.276027607552463,0.004613458885245632,0.012886110744599853
-3.6939511133414173,-136.58839912448192,-32.9009082684557,-4.081415119098308,0.004075593804813762,0.012526740789307447
-4.077813079441746,-135.24742077268314,-31.3500827407921,-3.8761590942747777,0.0035720180442495343,0.012080068933265386
-4.447012688867156,-133.91346392413328,-29.7886307718417,-3.661502693778825,0.0031110517019264866,0.011552899358816725
-4.801213742116517,-132.59503259148238,-28.22271850765427,-3.4387823606810537,0.002699642281725672,0.010952852875626213
-5.1400682183914785,-131.30009078448876,-26.658641946874365,-3.209413420786995,0.002343266233260594,0.01028822113267822
-5.46319295443202,-130.03599242548825,-25.102775467586984,-2.9748751760093013,0.0020458721506312833,0.009567814622577801
-5.770152260595383,-128.80943014892557,-23.561521176473494,-2.736695787116286,0.001809865024171185,0.008800808830315043
-6.06044649457215,-127.62640293929093,-22.041259864464266,-2.496437220322432,0.0016361296145970474,0.007996592627021565
-6.333506249262652,-126.49220197161644,-20.54830425409653,-2.2556805053397166,0.0015240898612055576,0.007164622611091126
-6.588691519254268,-125.4114135017069,-19.088855113504152,-2.016011522331522,0.0014718002845932397,0.006314286584295962
-6.82529500114119,-124.3879372248194,-17.668960695036432,-1.7790075031161394,0.001476064624477923,0.005454778753203392
-7.0425485598407045,-123.4250181907394,-16.294479837250552,-1.546224399124891,0.0015325764760195535,0.004594988601446913
-7.239631852277183,-122.52529013346526,-14.971048951435495,-1.3191852359771983,0.0016360764510820452,0.0037434047207635227
-7.415682131865398,-121.69082794285958,-13.704053001378753,-1.0993695428224712,0.0017805203798693233,0.002908034249926583
-7.569804348648106,-120.92320696684388,-12.498600480773005,-0.8882039143883427,0.0019592532588997335,0.0020963379784959824
-7.701080794989094,-120.22356687551012,-11.359502298945985,-0.6870537354130724,0.0021651840112877304,0.0013151806490392381
-7.808579709028853,-119.59267792975041,-10.291254404438249,-0.49721607119059597,0.002390956617786824,0.0005707955538015296
-7.891362422096312,-119.03100766206305,-9.298023908831372,-0.31991370463309377,0.002629113762486637,-0.00013123781959842795
-7.948488808230677,-118.53878618097822,-8.383638421161294,-0.15629027983072064,0.002872249776178436,-0.000786004579062043
-7.979020952768457,-118.11606853846482,-7.551578266811996,-0.007406494802731256,0.003113150316220832,-0.0013892552801764314
-7.982025094400077,-117.76279283841176,-6.804971244177061,0.12576272781050823,0.0033449168612768605,-0.00193739850674332
-7.956572005977483,-117.47883300233237,-6.146589567364918,0.24233017383181865,0.003561074695410565,-0.0024274868003258277
-7.901736061192278,-117.26404533662009,-5.578848653275475,0.3414974630443801,0.003755663587538975,-0.002857197434419435
-7.816593286955716,-117.11830825718215,-5.103807435538702,0.4225554591508911,0.003923310825383725,-0.0032248093368701866
-7.7002187266857245,-117.04155471782465,-4.72316992486491,0.4848840562901744,0.004059286630339823,-0.0035291772176862914
-7.551683440901786,-117.03379705631593,-4.4382877837260075,0.5279514311607363,0.004159542260566498,-0.003769703670757062
-7.370051452570828,-117.09514411667705,-4.2501637411300095,0.5513128440531889,0.004220731308949833,-0.003946309699268694
-7.154376910015441,-117.22581062954546,-4.159455738423402,0.5546090641513657,0.004240214830057796,-0.004059403777001825
-6.9037016944406355,-117.42611893721413,-4.166481767207927,0.5375644849279442,0.004216050998952662,-0.004109849211753545
-6.61705364666007,-117.69649323946625,-4.271225432984549,0.49998498501142796,0.004146970029854765,-0.004098929232572711
-6.293445532450283,-118.03744661388839,-4.473342350317672,0.44175557924162634,0.004032335079709381,-0.004028308888586682
-5.931874811728527,-118.44956113253336,-4.772167544249028,0.3628378944742381,0.0038720898453345554,-0.00389999253278785
-5.531324226525657,-118.93346145693843,-5.166724095484035,0.26326749569584096,0.003666693544514088,-0.0037162753781002427
-5.090763179064502,-119.48978234496307,-5.655733320586402,0.14315108073775584,0.0034170439588357133,-0.00347968736433283
-4.609149836176637,-120.1191305426461,-6.237626820217907,0.0026635567561492657,0.003124389210569093,-0.0031929273725543293
-4.085433871288527,-120.82204155636937,-6.910560755704424,-0.1579549910907876,0.0027902289421864153,-0.002858785677670734
-3.518559741237223,-121.59893179582552,-7.672432724470559,-0.3384024286862266,0.002416205551619898,-0.0024800524505882086
-2.9074703927002994,-122.45004653401551,-8.520901596130074,-0.5383177878789334,0.0020039860868298538,-0.0020594101185949236
-2.2511113020223403,-123.37540403074314,-9.453410641607242,-0.757284552186174,0.0015551352889027331,-0.0015993074770042455
-1.5484347722945957,-124.37473599164413,-10.46721423644359,-0.9948339943650472,0.0010709800544639436,-0.0011018136273542411
-0.7984044420295984,-125.44742426398952,-11.559408345792466,-1.250448543947504,0.000552465219805236,-0.0005684501086121424
0.0,-126.59243327988484,-12.72696490232412,-1.5235651624320337,0.0,0.0
0.529361325238762,-125.57528111642057,-12.305885720950325,-1.52087791300955,0.0007277679515179104,0.00036752323469508305
1.0267854222012984,-124.62258581737889,-11.91180557746672,-1.5182232350505034,0.001411357742876884,0.0007127856840909003
1.4932669859766539,-123.73572991726112,-11.545625664640855,-1.5154785022726671,0.0020515033849057146,0.001036273147009782
1.9299692694975363,-122.91594130321893,-11.20819487804367,-1.5125309225225039,0.0026488565513724275,0.0013384868395935584
2.3381794771452546,-122.1642924931573,-10.900303266015623,-1.5092768899146518,0.0032040083460888576,0.0016199391742065523
2.719268759128424,-121.48169966084254,-10.622676306882958,-1.505621429951712,0.003717508753697376,0.001881149887627588
3.074656570257122,-120.86892154400074,-10.375969989001579,-1.5014777342604093,0.004189883891363678,0.0021226425002039938
3.4057791503944412,-120.32655835182543,-10.160766656632063,-1.4967667763451682,0.004621651187852076,0.002344941096165674
3.714061880308527,-119.8550507702913,-9.977571575474473,-1.4914169961673724,0.005013332622122043,0.0025485674212327855
4.000895265885643,-119.45467914734755,-9.826810165531835,-1.4853640391531524,0.005365466156142353,0.0027340382974153105
4.267614305713416,-119.12556292553744,-9.708825845437076,-1.4785505341816139,0.005678615496540325,0.0029018633568845395
4.515481001854753,-118.8676603769076,-9.62387843111636,-1.470925895000615,0.0059533783173723155,0.003052543097350276
4.7456697810745405,-118.68076868422371,-9.572143032323474,-1.462446130170087,0.006190393072143021,0.003186567260791611
4.959255603626198,-118.56452440342706,-9.553709392836428,-1.453073647877118,0.0063903445175400465,0.00330441353595614
5.1572045486324205,-118.51840433484051,-9.56858162365228,-1.4427770436562777,0.006553968064527801,0.003406546582968175
5.3403666787073725,-118.541726824684,-9.616678283058947,-1.4315308610542998,0.006682053064812761,0.0034934173758838514
5.509471001299835,-118.63365351380766,-9.697832762737285,-1.4193153174898863,0.006775445132467637,0.0035654628562519965
5.665122359788334,-118.79319154696465,-9.811793944806983,-1.4061159898823188,0.00683504759202128,0.003623105887832734
5.807800103101379,-119.0191962531861,-9.958227100752808,-1.3919234569762493,0.006861822135775778,0.00366675549968001
5.937858398048101,-119.31037430565762,-10.13671500925102,-1.376732897606029,0.006856788764747846,0.0036968074019298985
6.055528063124044,-119.66528736767879,-10.346759275880466,-1.3605436463659306,0.0068210250795884995,0.0037136447558874736
6.160919815842242,-120.08235622960163,-10.587781843386402,-1.3433587102338174,0.006755664980350796,0.003717639177462713
6.254028837226413,-120.5598654398808,-10.859126686428446,-1.325184251598043,0.006661896827067183,0.003709151950687984
6.334740566655459,-121.09596843135024,-11.160061689466028,-1.3060290448276586,0.006540961107026549,0.003688535426000319
6.402837647509735,-121.68869314141891,-11.489780710507421,-1.2859039149795892,0.006394147649271931,0.0036561345762293937
6.458007948872648,-122.33594812194322,-11.847405836791488,-1.264821168431879,0.006222792422469202,0.003612288681784464
6.499853590807765,-123.03552913100371,-12.231989841010297,-1.2427940261544528,0.006028273948713813,0.003557333115445004
6.527900900480167,-123.78512619465415,-12.642518848367768,-1.2198360709656406,0.005812009363215027,0.003491601196397403
6.5416112237296025,-124.58233112192399,-13.077915225570221,-1.1959607204667027,0.005575450148027846,0.0034154260827596247
6.54039251183184,-125.42464545097445,-13.53704070274453,-1.1711807373941814,0.005320077567034276,0.0033291426718122553
6.523611596384353,-126.30948879841361,-14.01869973827927,-1.1455077888813572,0.005047397829213597,0.0032330894774821512
6.49060705688008,-127.23420757747297,-14.521643134716836,-1.1189520655805352,0.004758937007723087,0.003127610455334942
6.4407025760075935,-128.19608404416974,-15.044571911117698,-1.0915219707762955,0.004456235743429426,0.0030130567464226217
6.373220667510176,-129.1923456238986,-15.586141433854966,-1.0632238885309337,0.004140843763103517,0.0028897883127736185
6.2874966510569354,-130.2201744642803,-16.144965803644237,-1.0340620385658459,0.0038143142444753723,0.002758175439126156
6.182892738556565,-131.27671715375038,-16.719622491885243,-1.004038424021284,0.00347819806259155,0.002618600077663945
6.058812087211523,-132.3590945394933,-17.308657214203706,-0.9731528764803242,0.003134037954309752,0.0024714570149976076
5.914712666888429,-133.46441157311313,-17.910589023570715,-0.9414032007271605,0.002783362640198278,0.002317154843425182
5.750120783558945,-134.58976710809998,-18.52391559969621,-0.9087854196707071,0.0024276809454626697,0.0021561167215710057
5.564644097085923,-135.73226356982855,-19.147118705695707,-0.8752941177483925,0.0020684759636816676,0.0019887809128112405
5.357983970872182,-136.8890164167507,-19.7786697774917,-0.840922878974444,0.0017071993090339906,0.001815601093391349
5.129946993151895,-138.05716331065673,-20.417035606187824,-0.805664813662819,0.0013452655041748737,0.0016370464258036051
4.880455515197514,-139.23387291457146,-21.060684068921006,-0.7695131657842876,0.0009840465519963828,0.001453601396740621
4.609557060546205,-140.41635323900167,-21.708089859601873,-0.7324619909609139,0.0006248667399968565,0.0012657654227429204
4.317432471521009,-141.6018594609546,-22.35774016764565,-0.6945068933066934,0.00026899772597636213,0.0010740522304364347
4.0044026747222246,-142.78770114532213,-23.008140250393954,-0.6556458077335134,-8.23460469439102e-05,0.0008789890219574741
3.6709339655745925,-143.97124880485953,-23.657818843542348,-0.6158798130015665,-0.00042801155922811396,0.0006811154397241639
3.317641733112918,-145.14993974293304,-24.305333353585052,-0.5752139597341193,-0.0007669110029950907,0.00048098234806472496
2.945292569543799,-146.32128313236086,-24.949274777127602,-0.5336580968697809,-0.0010980251070525587,0.00027915045230435763
2.55480473423251,-147.4828642938061,-25.58827229389971,-0.49122767961159997,-0.0014204059598911813,7.618877867063076e-05
2.147246968046254,-148.6323481481291,-26.220997483424426,-0.44794454186411936,-0.0017331792954383965,-0.00012732695923218582
1.7238356808083684,-149.7674818285891,-26.846168119500774,-0.40383761643176513,-0.002035546210670549,-0.0003308160796817564
1.285930561317942,-150.8860964505856,-27.46255150186886,-0.3589435868799047,-0.0023267842889818442,-0.0005336947086333988
0.8350286852877973,-151.98610804845734,-28.068967290525475,-0.31330745591938264,-0.0026062481084348924,-0.0007353775818798958
0.37275722098639097,-153.0655177004622,-28.664289815028063,-0.2669830164453215,-0.002873369119567608,-0.0009352798429367758
-0.09913514529212808,-154.12241087417493,-29.24744983858819,-0.2200332129108572,-0.0031276548832504377,-0.0011328188061020903
-0.5787879221438477,-155.15495603493108,-29.817435764664715,-0.1725303825095204,-0.003368687665119409,-0.0013274156547623554
-1.0642395060817762,-156.1614025693822,-30.373294281920057,-0.12455636763539486,-0.0035961223892161634,-0.0015184970461893516
-1.5534386834977059,-157.14007808452178,-30.91413045163175,-0.07620249323918235,-0.0038096839596438417,-0.0017054965957630276
-2.0442567613762868,-158.08938514954116,-31.439107249762902,-0.02756940495432971,-0.004009163965146365,-0.0018878562157494958
-2.5345001416550486,-159.00779755345755,-31.947444583719786,0.021233233822323623,-0.004194416787525667,-0.0020650272864138385
-3.0219231533553788,-159.8938561555376,-32.438417811203045,0.0700871853932658,-0.00436535514066037,-0.002236471640320826
-3.5042409599412783,-160.74616440810442,-32.911355795345536,0.1188662189903563,-0.004521945072463972,-0.002401662344113974
-3.9791423666196453,-161.56338363235682,-33.36563853641307,0.16743682480709032,-0.004664200467476209,-0.0025600842658012176
-4.4443023631830325,-162.3442281273922,-33.800694425622126,0.21565905380534547,-0.004792177092789632,-0.0027112344195534717
-4.89739425212332,-163.0874601908229,-34.215997171051036,0.26338747436588417,-0.004905966234707098,-0.0028546220841726548
-5.33610122860914,-163.7918851262902,-34.61106244913791,0.3104722351358007,-0.005005687977869007,-0.0029897686956164944
-5.758127297962838,-164.45634630899752,-34.98544433787925,0.3567602219168648,-0.005091484182575618,-0.003116207518226443
-6.1612074368529655,-165.0797203752538,-35.338731589579005,0.4020962951504346,-0.005163511219669829,-0.0032334831034919326
-6.543116925867027,-165.66091259612972,-35.67054380190317,0.446324593491584,-0.005221932525656674,-0.0033411505492371377
-6.901679802747576,-166.1988524888928,-35.980527546139335,0.4892898881275036,-0.005266911043745152,-0.003438774575951606
-7.234776406657714,-166.69248971308153,-36.2683525110309,0.5308389718753341,-0.005298601619182896,-0.0035259284405334892
-7.540350003707754,-167.1407902911207,-36.5337077194571,0.5708220666796625,-0.005317143419758803,-0.0036021927109028923
-7.8164125019640665,-167.54273318644115,-36.7762978736757,0.6090942329040395,-0.005322652454577625,-0.0036671539277144654
-8.061049279669472,-167.89730726531775,-36.995839882947195,0.645516763751583,-0.005315214266296993,-0.0037204031816858328
-8.272423162895212,-168.20350866224595,-37.1920596252382,0.6799585482385709,-0.005294876873968723,-0.0037615346368203894
-8.448777597844177,-168.46033856273783,-37.36468899246313,0.7122973863547479,-0.005261644045479924,-0.0037901440309901866
-8.58843906816871,-168.66680141205313,-37.513463266466715,0.7424212403558916,-0.005215468980356309,-0.0038058271859265514
-8.689818808665777,-168.8219035536413,-37.63811887076225,0.7702294065249329,-0.0051562484854700006,-0.0038081785586131563
-8.751413863404027,-168.9246522969966,-37.7383915409849,0.795633592190248,-0.005083817727917306,-0.0037967898653810737
-8.771807528652344,-168.97405541120193,-37.81401495514543,0.8185588832859522,-0.004997945651102651,-0.0037712488086640477
-8.749669208975778,-168.96912103763708,-37.864719863100774,0.8389445882699423,-0.0048983311418208985,-0.0037311379343852482
-8.68375369871513,-168.9088580130652,-37.890233753199,0.8567449447690008,-0.004784600037942403,-0.003676033645350172
-8.572899881060842,-168.79227659246553,-37.890281092779894,0.8719296758930559,-0.004656303068134951,-0.003605505392851616
-8.416028813485571,-168.6183895594186,-37.86458417809137,0.8844843837475798,-0.004512914816886061,-0.003519115064990206
-8.212141141945015,-168.38621371036734,-37.81286462814478,0.8944107682746933,-0.004353833809949082,-0.0034164165860733104
-7.960313757639637,-168.09477169746074,-37.7348455560132,0.9017266601636786,-0.004178383817206858,-0.0032969557369456892
-7.659695580021511,-167.74309421266588,-37.630254449991504,0.9064658571918703,-0.003985816471764729,-0.003160270201355524
-7.309502318991538,-167.33022249314115,-37.4988267957961,0.9086777539732148,-0.0037753153059608643,-0.003005889838585781
-6.909010038851803,-166.85521112414665,-37.34031046949661,0.9084267556955975,-0.0035460013067989305,-0.0028333371777640734
-6.457547317608969,-166.31713111071628,-37.154470929069866,0.9057914669904701,-0.003296940095157985,-0.0026421281246569598
-5.954485768838526,-165.715073182504,-36.941097230266365,0.900863647568516,-0.0030271508350756195,-0.00243177286759601
-5.39922867074259,-165.04815128731323,-36.70000888985531,0.8937469266199298,-0.0027356169813779717,-0.0022017769657082667
-4.7911974295693565,-164.315506217319,-36.431063616222794,0.8845552681528058,-0.0024212989761966596,-0.0019516426000725498
-4.129815593585005,-163.5163092975387,-36.13416592376743,0.8734111793403033,-0.0020831490074173426,-0.0016808699671578258
-3.414490130723075,-162.6497660481659,-35.80927664359169,0.8604436534615758,-0.001720127945105214,-0.0013889587942041896
-2.644589689381363,-161.71511971050361,-35.45642333870485,0.84578583802167,-0.0013312245755600003,-0.0010754099584873733
-1.8194195791742696,-160.71165449988086,-35.07571162742499,0.8295724169737915,-0.0009154772571723937,-0.0007397271970716668
-0.9381932384597957,-159.63869841753746,-34.66733741400459,0.8119366934682362,-0.0004719981277543862,-0.00038141890116201834
-2.586888345689323e-14,-158.49562541639924,-34.23160002081565,0.7930073560300936,1.146702897956024e-16,-7.404341245249611e-18
